Student_id,Name,Admitted_year,CGPA,Core_Course_1_Grade,Hackathon_Count,Papers_Published,Teaching_Assistant,Peer_Tutoring_Hours,Total_Awards,Teacher_Feedback_Score,Peer_Review_Score,Total_Events_Participated,Awards_To_Participation_Ratio,Contribution_Score,Overall_Score,Community_Service_Hours,Innovation_Patents
1,Emma Wilson,2018,3.34,A-,8,4,Yes,12,4,2.1,1.6,19,0.210526316,42,43.26666667,4,3
2,Henry Wilson,2019,3.02,A,8,3,Yes,18,0,3.9,4,4,0,100,66.46666667,8,1
3,Isla Lee,2018,2.12,D,7,4,No,4,5,2.4,1.3,19,0.263157895,39,35.13333333,40,2
4,Frank Wilson,2016,2.02,D,0,2,No,3,6,4,1.2,20,0.3,96,58.8,35,3
5,Jake Wilson,2021,3.57,F,9,1,Yes,8,9,2,2.6,2,4.5,70,53.8,33,2
6,Alice Martinez,2023,3.95,B-,5,0,Yes,1,4,4.1,1.5,8,0.5,78,66,16,1
7,Alice Martinez,2021,2.08,F,2,1,Yes,6,5,3.6,3.8,9,0.555555556,3,26.86666667,26,3
8,Jake Johnson,2016,2.06,B+,6,0,No,3,5,2,3.8,20,0.25,11,24.06666667,39,0
9,Isla Clark,2022,2.65,C+,10,0,Yes,1,0,3.9,1.1,13,0,74,55.33333333,41,0
10,Henry Taylor,2019,2.83,B-,5,1,No,13,9,1.8,3.1,13,0.692307692,2,25.53333333,17,1
11,Emma Smith,2017,2.77,A,0,4,Yes,7,0,1.3,1.2,14,0,35,34.46666667,38,1
12,Charlie Clark,2015,3.88,A,3,0,Yes,19,7,2.6,3,13,0.538461538,22,41.86666667,24,3
13,Emma Lee,2017,3.58,C+,2,3,No,16,2,2,3.5,10,0.2,23,38.2,42,3
14,Isla Clark,2022,2,C+,10,4,Yes,12,6,1.3,1.7,0,,4,19,24,2
15,Jake Brown,2020,2.86,A,2,4,Yes,12,3,3.7,2.6,8,0.375,81,58.4,37,0
16,Emma Brown,2016,2.64,C,2,4,Yes,20,4,3.2,2.1,2,2,60,48.26666667,13,3
17,Bob Johnson,2020,3.4,A-,7,2,Yes,10,10,3.5,3.3,7,1.428571429,27,43.33333333,19,2
18,Henry Johnson,2015,2.78,B-,3,0,Yes,7,3,1.8,4.1,11,0.272727273,17,30.2,44,0
19,Grace Moore,2024,3.09,F,0,3,Yes,7,10,3.1,1.8,0,,25,39.26666667,5,3
20,Alice Martinez,2021,3.73,B+,9,3,Yes,19,1,4.4,4.7,10,0.1,52,56.86666667,6,2
21,Frank Wilson,2019,2.84,F,10,0,Yes,0,0,1.6,1.4,7,0,91,54.6,10,3
22,Charlie Martinez,2016,2.2,A-,4,4,Yes,20,9,2.4,3.4,10,0.9,53,40.33333333,33,0
23,Alice Davis,2017,2.07,A-,10,0,Yes,9,9,4,1.9,12,0.75,46,42.46666667,13,1
24,Grace Lee,2017,3.17,A,3,1,Yes,0,4,3.2,4.7,11,0.363636364,9,34.8,36,3
25,Emma Johnson,2021,2.35,D,6,3,No,17,3,3.3,3,11,0.272727273,62,47.33333333,13,3
26,Henry Lee,2020,2.21,C,5,3,No,6,7,2.6,4.9,19,0.368421053,27,32.4,22,3
27,Jake Wilson,2019,3.64,C-,4,4,No,1,4,2.1,2.7,14,0.285714286,11,34.93333333,1,3
28,Bob Lee,2021,2.05,D,6,3,No,3,5,1.8,4.6,18,0.277777778,55,38,7,2
29,Frank Taylor,2024,2.21,C,3,5,No,15,7,1.2,4.3,15,0.466666667,13,23.06666667,42,1
30,Bob Johnson,2018,3.29,C-,9,3,Yes,6,10,3.7,3.2,0,,76,59.6,2,1
31,Grace Moore,2016,2.61,A,4,2,Yes,3,3,3.6,1.2,8,0.375,93,60.4,11,0
32,Henry Smith,2015,3.89,B-,1,1,No,6,9,1.8,2.2,7,1.285714286,91,62.26666667,4,2
33,Frank Davis,2015,2.28,C+,0,5,No,10,4,1.9,2.7,7,0.571428571,38,34.2,8,1
34,Isla Lee,2018,3.95,B,8,0,Yes,0,5,3.1,4.7,7,0.714285714,28,46,32,2
35,Isla Taylor,2016,3.69,C-,9,3,No,3,4,3.5,4,19,0.210526316,87,65.26666667,38,0
36,Frank Clark,2017,3.45,C+,4,2,No,10,5,2.1,3,13,0.384615385,56,48.66666667,13,2
37,Bob Clark,2022,2.65,B-,5,4,No,16,3,1.7,4.8,6,0.5,51,40.33333333,8,0
38,Emma Moore,2015,2.29,F,9,3,No,7,9,3.1,2,16,0.5625,38,38.26666667,22,0
39,David Wilson,2021,3.81,B+,5,3,No,5,8,4.6,4.7,13,0.615384615,69,63.73333333,23,1
40,Bob Wilson,2022,3.09,B+,5,1,No,5,0,1.9,3.4,2,0,46,42.26666667,22,1
41,Alice Smith,2024,3.6,A-,1,4,No,5,9,3.7,4.8,6,1.5,24,44.33333333,6,3
42,David Wilson,2017,2.48,C+,3,4,Yes,10,8,4.8,3.5,18,0.444444444,45,47.53333333,37,1
43,Frank Smith,2019,2.71,B+,4,1,Yes,6,0,1,4.4,7,0,24,29.4,12,3
44,Henry Davis,2024,3.48,A,7,0,Yes,10,8,3.4,3.6,8,1,29,44.2,14,3
45,Isla Martinez,2024,3.44,C,2,2,No,10,5,2.4,4.2,0,,3,31.93333333,2,2
46,Alice Wilson,2021,2.2,D,10,0,Yes,20,0,1.5,2,12,0,35,31.33333333,21,1
47,Isla Smith,2016,2.63,C+,6,0,No,15,9,1.8,3.1,18,0.5,83,51.2,3,2
48,Grace Martinez,2017,2.77,C-,0,5,No,7,6,2.1,2.8,17,0.352941176,66,47.46666667,1,0
49,Alice Brown,2020,3.53,B,9,2,Yes,12,7,2.8,3.1,9,0.777777778,61,53.2,4,1
50,Jake Taylor,2016,2.98,B-,0,3,Yes,1,7,2.8,4.3,0,,2,29.86666667,33,1
51,Frank Moore,2017,3.86,A-,9,3,No,15,0,1.4,4.2,6,0,26,39.06666667,18,0
52,Jake Taylor,2020,3.76,C+,1,1,Yes,16,9,4.5,1.7,13,0.692307692,17,45.73333333,41,0
53,Charlie Johnson,2023,2.58,A,4,5,No,0,8,4.6,1,17,0.470588235,60,52.53333333,45,3
54,Charlie Davis,2022,3.89,F,7,5,Yes,3,3,1.5,4.1,5,0.6,100,64.26666667,27,0
55,Alice Lee,2018,2.79,A-,7,3,Yes,17,1,4.7,2.5,4,0.25,22,41.6,29,1
56,Frank Lee,2021,2.29,C-,2,1,Yes,14,4,1.7,4.1,6,0.666666667,18,26.93333333,32,0
57,Charlie Wilson,2019,2.35,B,10,4,No,7,6,3.9,3.7,11,0.545454545,20,35.33333333,15,1
58,Charlie Davis,2024,2.5,F,4,2,Yes,16,9,4.7,4.1,18,0.5,96,64.33333333,13,0
59,Emma Moore,2018,3.03,D,0,0,No,18,3,2.2,3.8,10,0.3,5,29.2,21,0
60,Grace Johnson,2018,2.89,D,9,1,Yes,15,1,3.3,2.5,7,0.142857143,52,47.6,32,2
61,Alice Moore,2015,3.1,F,0,1,No,10,5,3.8,4.1,3,1.666666667,42,47.33333333,17,0
62,Emma Lee,2024,3.6,A-,3,0,Yes,18,8,2.9,3.4,1,8,84,61.66666667,7,3
63,Jake Brown,2023,2.96,C-,10,3,Yes,7,5,1.1,3.1,9,0.555555556,62,44.06666667,24,1
64,Bob Smith,2024,3.76,D,7,4,Yes,18,0,5,1.3,12,0,59,61.4,18,3
65,Isla Moore,2021,2.63,B-,10,2,No,17,3,2,3.2,11,0.272727273,58,43.53333333,8,3
66,David Lee,2015,2.6,C,8,0,No,3,3,3.6,4,2,1.5,0,29.33333333,29,3
67,David Brown,2022,2.87,B-,4,0,No,16,0,3.1,3.4,12,0,48,45.46666667,22,0
68,Alice Lee,2020,3.03,B,2,3,Yes,19,2,2.2,3.8,10,0.2,19,33.86666667,23,0
69,Frank Moore,2024,3.11,B-,9,4,Yes,13,8,1.3,3,17,0.470588235,56,43.73333333,15,3
70,Charlie Smith,2020,2.65,A,2,5,Yes,4,3,4,3,5,0.6,40,44.33333333,30,1
71,Alice Davis,2019,2.77,A-,8,3,No,11,3,1.6,2.7,16,0.1875,10,27.13333333,47,0
72,Bob Taylor,2023,2.59,B+,0,0,No,16,7,4.8,4,12,0.583333333,65,54.93333333,14,3
73,Emma Lee,2018,2.59,D,2,0,Yes,6,1,4.7,4.7,15,0.066666667,16,38.26666667,28,1
74,Charlie Smith,2020,2.36,B+,5,4,No,3,2,2.3,3.4,3,0.666666667,25,31.73333333,1,0
75,Charlie Brown,2015,2.67,A-,0,5,Yes,8,1,3.5,2.9,10,0.1,68,52.13333333,8,0
76,Alice Taylor,2022,3.89,C-,4,0,Yes,19,10,4.7,2.7,19,0.526315789,19,47.93333333,46,2
77,Grace Johnson,2019,3.03,B,1,3,Yes,3,1,3.3,3.8,15,0.066666667,14,35.86666667,13,3
78,Frank Martinez,2021,3.12,C,1,4,No,5,8,2.9,4.3,7,1.142857143,24,38.46666667,40,3
79,Bob Moore,2024,3.83,B+,6,0,Yes,6,4,4.2,1.4,10,0.4,6,41.53333333,5,0
80,Jake Brown,2022,2.63,B,2,2,No,18,2,5,3.7,18,0.111111111,7,36.53333333,29,3
81,Isla Smith,2015,2.39,A-,1,0,Yes,9,6,4.1,3.3,18,0.333333333,29,39.26666667,13,0
82,Emma Wilson,2020,3.86,A,5,1,No,3,3,1.3,1.8,9,0.333333333,7,32.4,2,0
83,Grace Wilson,2016,2.4,A-,1,4,Yes,11,1,3,1.8,16,0.0625,22,33.33333333,11,0
84,Grace Lee,2019,3.33,C+,9,5,No,5,4,4.1,1.2,0,,22,43.2,38,0
85,Alice Wilson,2022,3.91,F,2,3,Yes,0,5,2,3,18,0.277777778,29,42.4,42,0
86,Henry Martinez,2022,3.74,A-,6,5,Yes,9,4,1.1,2.3,13,0.307692308,68,51.26666667,45,3
87,Bob Martinez,2018,2.82,D,4,2,No,7,10,3.8,2.3,12,0.833333333,25,39.8,36,2
88,Henry Taylor,2023,2.76,D,3,3,Yes,4,6,1.8,4.4,13,0.461538462,22,31.73333333,34,2
89,Henry Wilson,2020,2.03,D,4,2,Yes,20,9,2,3.6,16,0.5625,93,51.2,12,1
90,Bob Lee,2024,2.46,D,6,3,No,0,3,4.4,2,1,3,33,42.06666667,35,2
91,Grace Brown,2021,2.32,C+,2,2,No,4,5,3.2,3.7,14,0.357142857,57,45.13333333,20,1
92,Grace Clark,2016,2.03,B-,8,1,No,16,8,2.6,4.6,10,0.8,77,47.86666667,27,0
93,Charlie Martinez,2018,2.52,F,2,4,No,8,8,3.4,2.9,13,0.615384615,74,52.8,33,1
94,Emma Lee,2017,3.85,F,2,5,Yes,17,10,4.1,3.8,11,0.909090909,44,54,28,0
95,Grace Davis,2016,3.53,A,6,0,No,20,10,3,1.9,15,0.666666667,41,47.2,23,3
96,Frank Lee,2018,3.43,A,5,5,Yes,12,3,1.8,3.7,7,0.428571429,79,55.2,41,2
97,Bob Brown,2023,2.27,C+,1,1,Yes,2,5,2.8,2.1,18,0.277777778,28,33.8,13,0
98,Emma Brown,2019,2.83,A,7,0,No,8,8,2.3,4.3,13,0.615384615,69,49.53333333,49,1
99,Grace Smith,2021,2.83,B,3,4,Yes,3,10,2.2,4.2,20,0.5,43,40.53333333,4,3
100,Jake Lee,2016,3.75,B-,10,5,No,5,1,4.3,2.9,7,0.142857143,80,66,8,1
101,Isla Moore,2023,3.38,A,10,4,Yes,14,6,2,4.8,9,0.666666667,7,31.53333333,8,1
102,Alice Davis,2024,2.22,F,4,0,No,11,5,4.9,4.9,14,0.357142857,2,31.8,3,2
103,Henry Davis,2015,3.53,F,2,1,Yes,16,0,1.2,2.8,8,0,11,31.2,50,2
104,Henry Johnson,2020,2.93,D,1,5,Yes,16,7,4.9,1.9,15,0.466666667,24,43.86666667,23,3
105,Henry Martinez,2016,3.31,C,2,1,No,9,5,3,4.5,1,5,64,53.4,3,3
106,Frank Moore,2017,2.79,D,6,2,No,11,5,2.5,2.6,4,1.25,96,58.93333333,15,2
107,Jake Clark,2019,3.68,C+,4,4,No,6,4,4.7,2.7,15,0.266666667,2,40.86666667,42,1
108,Charlie Martinez,2018,2.42,F,6,2,Yes,1,5,1.2,3.1,6,0.833333333,11,23.8,13,1
109,Jake Clark,2017,2.58,D,6,3,Yes,18,0,4.1,4.5,19,0,81,57.86666667,42,3
110,Charlie Moore,2015,3.03,C+,1,3,Yes,0,8,4.9,3.1,11,0.727272727,4,37.86666667,37,0
111,Isla Taylor,2015,3.21,A,9,3,Yes,17,10,4.9,1.1,19,0.526315789,0,37.73333333,16,1
112,Jake Moore,2023,2.19,C-,6,3,No,20,6,1.4,1.6,6,1,18,25.26666667,30,3
113,Frank Wilson,2018,2.16,B-,0,0,Yes,12,1,1.1,1.3,3,0.333333333,46,33.4,14,2
114,Grace Martinez,2021,2.44,C+,7,0,Yes,19,6,1.6,1.9,18,0.333333333,80,48.26666667,45,3
115,Frank Davis,2021,2.34,C,8,4,Yes,2,6,2,3.8,2,3,37,34.6,3,0
116,Alice Taylor,2020,3.59,F,4,1,No,4,6,2.1,3.4,19,0.315789474,73,55.26666667,15,0
117,Grace Brown,2019,2.04,F,1,3,Yes,10,1,4.2,2.1,4,0.25,64,48.93333333,49,1
118,Alice Smith,2020,2.45,C+,2,4,Yes,16,4,2.5,4.8,7,0.571428571,21,31.66666667,19,3
119,David Smith,2015,3.47,C,5,5,Yes,1,2,4.1,1.3,14,0.142857143,58,56.13333333,31,2
120,Bob Davis,2015,2.6,B-,8,3,Yes,20,1,4.3,4.4,2,0.5,76,57,34,1
121,Henry Davis,2020,2.49,B-,4,3,Yes,9,2,3.3,1.1,10,0.2,8,30.26666667,8,3
122,Frank Johnson,2016,3.04,B+,6,5,No,11,3,3.2,1.1,5,0.6,16,36.26666667,49,3
123,Grace Brown,2024,3.51,A,4,2,No,16,5,2.3,3.6,1,5,13,35.4,50,1
124,Grace Smith,2015,3.54,B+,4,1,Yes,19,0,3.4,4.1,12,0,96,66.93333333,39,3
125,Frank Moore,2016,3.32,F,8,1,No,9,3,4.4,2.3,7,0.428571429,96,68.8,14,3
126,Emma Taylor,2018,3.91,F,9,4,Yes,13,10,4.7,2.6,18,0.555555556,51,58.73333333,10,2
127,Henry Smith,2018,2.29,F,10,0,Yes,19,3,3.4,4.9,20,0.15,44,41.26666667,9,1
128,David Davis,2017,3.72,A-,5,5,Yes,5,0,4.3,2.8,18,0,66,61.13333333,3,2
129,Frank Brown,2017,3,B+,10,5,Yes,5,5,4.5,4.9,20,0.25,50,51.66666667,27,0
130,Charlie Lee,2022,2.63,C+,10,4,Yes,4,6,3.3,3.9,17,0.352941176,55,46.86666667,43,1
131,Bob Davis,2016,3.64,B,6,4,No,18,6,1.3,4.5,3,2,84,56.6,19,1
132,Grace Clark,2016,2.36,C-,1,5,Yes,5,10,1.2,1.2,2,5,43,34.06666667,3,3
133,Bob Clark,2016,3.61,B-,0,1,Yes,16,9,3.9,4.4,2,4.5,45,52.06666667,49,2
134,Jake Martinez,2016,3.12,B-,0,5,No,7,3,2.5,1.3,11,0.272727273,12,33.13333333,43,2
135,Jake Lee,2019,2.97,B+,5,3,No,5,0,4.4,2.7,16,0,32,45.13333333,24,2
136,Charlie Moore,2015,2.51,B+,4,4,No,13,1,1.9,1.3,16,0.0625,4,24.4,6,0
137,Alice Taylor,2015,3.63,C,7,3,Yes,15,7,2,3.8,2,3.5,99,63.86666667,12,2
138,Grace Moore,2023,3.29,B-,5,1,Yes,6,10,3.4,4.7,19,0.526315789,57,52.26666667,35,3
139,Grace Martinez,2018,2.7,D,7,2,No,6,1,1.9,1.6,18,0.055555556,50,41,43,1
140,Alice Wilson,2023,2.6,B,9,1,No,8,8,1.7,3.3,12,0.666666667,38,35.66666667,27,0
141,David Taylor,2021,3.07,A-,7,3,No,0,1,1.9,2.4,1,1,24,34.8,46,3
142,Jake Brown,2017,2.12,C+,1,1,Yes,7,6,2.1,1.9,15,0.4,11,24.8,30,0
143,Isla Smith,2022,2.53,B-,5,3,Yes,8,1,2.8,3.4,6,0.166666667,88,55.53333333,9,0
144,Jake Davis,2019,3.19,B-,8,4,Yes,2,0,2.9,2,0,,75,55.93333333,41,0
145,Henry Wilson,2019,3.87,C,5,5,No,20,3,4.9,1.7,17,0.176470588,72,66.13333333,50,1
146,Charlie Brown,2023,2.1,D,2,2,Yes,15,1,3.9,1.5,6,0.166666667,7,29.33333333,45,3
147,Henry Clark,2022,2.53,B+,6,0,No,8,6,1.1,1.2,6,1,35,32.2,32,0
148,David Lee,2022,2.62,B+,3,3,Yes,14,3,3.4,1.3,15,0.2,44,43.46666667,29,3
149,David Taylor,2022,2.31,B,4,4,No,7,10,2.6,3.7,8,1.25,93,55.06666667,24,0
150,Jake Taylor,2015,2.37,A-,3,4,No,4,10,3.7,1.7,16,0.625,68,50.8,33,2
151,Henry Martinez,2023,3.11,D,9,2,Yes,19,2,1.5,2,10,0.2,24,33.73333333,15,1
152,Bob Brown,2016,3.59,D,8,3,Yes,17,0,2.5,2.3,13,0,56,50.93333333,46,2
153,David Brown,2015,3.95,C+,10,2,Yes,0,7,2.2,5,2,3.5,39,46.66666667,22,2
154,Jake Davis,2017,2.17,A-,2,0,No,10,1,4.1,1.6,1,1,53,45.8,25,0
155,Grace Moore,2019,3.83,A-,8,2,No,14,10,3.2,3.6,4,2.5,59,55.86666667,13,0
156,Alice Brown,2017,3.55,C,6,2,No,12,0,2.5,4.8,12,0,79,58.33333333,40,2
157,Alice Moore,2019,3.79,B-,9,4,No,2,4,1.1,5,19,0.210526316,46,44.26666667,0,1
158,Isla Brown,2022,3.11,B+,3,4,Yes,11,10,4.5,3,1,10,38,48.4,43,2
159,David Smith,2022,2.03,B,2,5,Yes,18,0,2.6,1.3,9,0,27,31.2,24,1
160,Bob Lee,2020,2.65,B-,7,2,No,15,4,4.1,1.6,3,1.333333333,61,51.66666667,9,3
161,Henry Johnson,2020,3.75,F,6,5,Yes,20,3,3.7,2.5,14,0.214285714,87,66.33333333,6,2
162,Charlie Davis,2024,2.6,B-,9,2,No,17,2,1.5,2,2,1,13,26.66666667,21,2
163,Jake Brown,2019,3.64,C+,7,2,Yes,15,2,1.1,1.3,15,0.133333333,87,56.93333333,26,0
164,Bob Brown,2015,3.98,B-,8,0,Yes,3,2,4,2.7,14,0.142857143,49,56.2,8,1
165,Alice Smith,2020,3.43,C-,7,3,Yes,5,8,3.5,3.9,8,1,86,63.2,31,0
166,Isla Clark,2023,2.97,F,3,0,No,5,1,3.2,4.8,15,0.066666667,53,48.13333333,14,0
167,Emma Martinez,2015,2.16,C,0,5,Yes,15,7,2.8,4.6,16,0.4375,49,40.06666667,14,1
168,Alice Johnson,2015,2.72,C,5,2,No,20,10,3.3,3,3,3.333333333,88,58.46666667,4,1
169,Charlie Martinez,2016,2.04,C+,6,4,Yes,18,7,3.4,4.9,18,0.388888889,50,41.6,41,1
170,Alice Smith,2024,2.45,A-,10,2,Yes,9,4,4.2,2.9,3,1.333333333,8,33,13,0
171,Bob Moore,2017,3.84,B+,9,0,Yes,2,10,2.8,4.6,11,0.909090909,40,48.26666667,43,0
172,David Taylor,2019,3.98,C-,7,3,Yes,6,3,2.6,4.9,12,0.25,21,42.2,31,2
173,Alice Clark,2024,2.53,C+,9,2,Yes,8,4,4.9,4.1,16,0.25,78,59.2,38,0
174,Bob Wilson,2023,3.96,B,1,5,No,14,0,2.8,2.3,13,0,69,58.73333333,17,2
175,Emma Moore,2016,3.87,C-,6,3,No,16,1,4.4,4.6,15,0.066666667,7,42.8,3,0
176,David Johnson,2021,2.6,D,2,5,No,12,1,2.1,3.2,15,0.066666667,0,24.33333333,24,3
177,Henry Brown,2020,3.92,C+,5,4,No,4,8,3.5,3.8,11,0.727272727,81,64.8,28,0
178,Isla Johnson,2021,3.37,B,1,4,Yes,13,0,3,4.8,19,0,30,42.46666667,22,2
179,Henry Taylor,2015,2.67,C+,2,3,Yes,15,10,1,4.1,8,1.25,29,30.8,24,0
180,Jake Johnson,2021,2.62,C+,1,5,No,2,3,4.7,1.8,17,0.176470588,38,45.8,32,2
181,Charlie Lee,2022,3.15,C+,9,0,No,10,0,4.8,4.6,4,0,36,49,40,2
182,Jake Davis,2016,3.97,A,5,1,Yes,9,10,1.2,1.7,1,10,61,50.8,21,1
183,Henry Johnson,2022,3.68,C,3,5,Yes,1,10,1.2,1.3,18,0.555555556,18,34.53333333,23,1
184,Charlie Smith,2016,2.17,A-,2,1,No,3,3,1.7,4.9,15,0.2,85,48.46666667,7,1
185,Alice Wilson,2024,3.63,D,2,1,No,15,6,4.3,2,3,2,29,48.2,1,0
186,Grace Smith,2024,3.91,C+,0,3,No,0,1,4.3,2.6,5,0.2,58,59.73333333,27,2
187,Emma Davis,2015,3.68,B+,6,0,Yes,3,6,3.1,3.6,14,0.428571429,95,66.53333333,39,1
188,Isla Smith,2022,3.91,B-,4,4,Yes,4,9,4.5,1.1,4,2.25,24,49.06666667,34,1
189,Bob Davis,2021,3.23,C,0,2,No,2,6,3.4,3,19,0.315789474,5,34.53333333,34,1
190,Emma Clark,2024,2.25,F,8,4,Yes,14,1,2.6,2.7,20,0.05,88,53,41,3
191,Emma Martinez,2017,3.9,B+,2,2,No,3,9,4.4,1.1,3,3,19,47,7,0
192,David Moore,2019,3.12,A,2,0,No,14,3,2.5,2.1,6,0.5,37,41.46666667,13,0
193,Bob Moore,2021,2.84,B-,8,3,No,16,7,2.7,1.5,1,7,63,48.93333333,31,2
194,Isla Davis,2020,3.01,D,5,0,No,9,4,2.7,4.4,10,0.4,23,36.73333333,25,2
195,David Moore,2021,2.28,A,4,3,No,5,6,4.6,2.1,19,0.315789474,19,36.86666667,28,1
196,Henry Martinez,2015,3.5,B,4,0,Yes,3,6,3.7,1.2,9,0.666666667,78,61.66666667,2,0
197,Frank Moore,2021,3.6,C+,2,1,Yes,20,1,4.4,3.6,17,0.058823529,87,67.66666667,10,1
198,David Taylor,2019,3.48,C-,1,3,Yes,20,6,1.2,1.7,18,0.333333333,54,45.2,20,2
199,Alice Smith,2017,3.47,C+,1,5,No,5,4,3.2,4.3,8,0.5,49,50.13333333,49,3
200,Grace Brown,2017,3.05,B,7,0,Yes,8,4,3.1,3.5,17,0.235294118,32,41.33333333,19,1
201,Henry Martinez,2019,2.31,C,2,5,No,3,7,2.6,1.5,3,2.333333333,83,51.73333333,48,1
202,Grace Taylor,2024,2.91,B-,2,4,Yes,5,5,1.7,4.3,6,0.833333333,35,36.73333333,4,1
203,Henry Moore,2016,3.44,C-,7,4,No,6,9,4.4,1.3,18,0.5,28,46.93333333,40,1
204,Jake Lee,2015,3.51,B+,3,1,No,6,1,4,3.3,20,0.05,82,64.06666667,29,3
205,Bob Brown,2017,2.12,A-,7,3,Yes,19,6,1.9,1.1,20,0.3,50,37.13333333,29,3
206,Frank Moore,2016,2.75,C+,3,4,No,2,3,2.5,2.4,13,0.230769231,48,42.66666667,7,2
207,Frank Taylor,2023,3.69,B+,0,1,No,13,1,2.2,2.4,11,0.090909091,86,60.6,14,3
208,Henry Davis,2024,2.64,D,0,3,No,4,2,1.1,1.9,18,0.111111111,40,34.6,49,1
209,Grace Clark,2016,2.37,B,7,1,Yes,16,9,1.5,4.2,7,1.285714286,90,50.8,44,2
210,Jake Moore,2016,3.59,B-,4,5,No,16,4,2.8,2.4,1,4,80,59.93333333,3,2
211,Jake Lee,2023,2.33,F,5,1,Yes,12,7,2.8,5,20,0.35,14,29.53333333,48,1
212,David Martinez,2023,2.09,B-,9,3,Yes,9,9,1.9,3.5,16,0.5625,8,22.93333333,48,2
213,Henry Johnson,2015,2.2,B,2,4,Yes,4,10,4.3,3.1,6,1.666666667,23,36.66666667,22,3
214,Alice Smith,2018,2.17,A,9,1,No,0,5,2.6,1.6,4,1.25,22,30.46666667,45,1
215,Jake Wilson,2017,3.97,C+,0,1,No,11,9,3.1,3.6,8,1.125,56,55.46666667,34,2
216,Jake Smith,2019,2.03,B-,4,0,Yes,10,9,3.2,4.3,0,,5,25.86666667,30,3
217,Grace Davis,2018,2.84,C+,3,4,No,1,8,3.8,3.2,15,0.533333333,71,55.26666667,22,3
218,Jake Clark,2015,3.86,A,2,2,No,0,9,1.7,4.6,6,1.5,10,34.73333333,2,3
219,Frank Wilson,2024,3.45,F,2,1,No,8,5,3.1,4.6,17,0.294117647,98,66,31,0
220,Bob Wilson,2021,2.49,F,0,2,No,2,9,2.5,1.4,5,1.8,94,56.26666667,43,3
221,Emma Wilson,2018,2.93,D,9,2,No,0,1,3.4,4.8,5,0.2,62,51.53333333,48,2
222,Alice Brown,2018,3.92,D,6,4,No,18,8,4.2,4.8,15,0.533333333,46,55.46666667,18,0
223,Jake Lee,2020,3.46,D,8,1,No,3,6,4.5,4.7,2,3,50,54.73333333,41,3
224,David Taylor,2022,3.03,B,1,1,Yes,8,4,1.1,2.6,16,0.25,25,32.2,16,1
225,Charlie Martinez,2018,3.99,B-,3,0,Yes,1,3,4.5,2.5,13,0.230769231,31,51.93333333,49,2
226,David Taylor,2021,2.05,F,0,0,No,14,1,3.7,4.1,5,0.2,72,50,5,2
227,David Johnson,2018,2.29,C+,6,5,No,5,5,4.8,3.9,3,1.666666667,23,38.93333333,8,1
228,Isla Martinez,2017,2.22,C,1,0,Yes,16,6,1.2,3.5,6,1,82,46.13333333,40,1
229,Henry Clark,2017,3.93,A,4,3,Yes,19,7,2.2,3.1,20,0.35,11,37.2,4,0
230,Isla Taylor,2015,2.45,C-,5,4,Yes,7,6,4.3,2.2,11,0.545454545,6,32.66666667,15,1
231,Charlie Lee,2022,2.72,B+,3,4,Yes,3,7,3,1.8,10,0.7,18,34.13333333,29,0
232,Frank Lee,2019,3.2,D,9,0,No,6,6,3.2,4.6,5,1.2,27,41,42,2
233,Isla Brown,2019,2.25,A,6,1,Yes,4,5,4.1,4.3,6,0.833333333,68,51.33333333,49,2
234,Henry Johnson,2018,3.2,C,9,4,No,2,5,3.3,3.5,15,0.333333333,2,33,23,3
235,Jake Taylor,2018,2.84,F,0,1,No,11,2,1.6,2.4,13,0.153846154,49,40.6,46,3
236,Bob Clark,2023,3.44,B+,6,1,Yes,12,6,4.5,2.2,4,1.5,3,38.93333333,8,1
237,Henry Martinez,2022,2,A,8,1,Yes,8,2,2.6,2,14,0.142857143,63,43,10,2
238,Bob Moore,2017,3.84,B,5,3,Yes,16,3,4.5,4.8,14,0.214285714,41,54.26666667,27,1
239,Grace Lee,2015,2.51,B+,1,5,Yes,14,3,3.5,2.2,9,0.333333333,30,38.4,42,1
240,David Lee,2017,3.33,D,6,5,Yes,0,9,2.2,2.7,18,0.5,47,45.2,30,2
241,Henry Lee,2023,3.23,A,3,0,No,0,9,4,4.9,10,0.9,18,40.86666667,10,2
242,Bob Wilson,2021,3.63,A,10,5,No,12,7,1.3,3,20,0.35,59,48.2,15,3
243,Bob Wilson,2017,2.57,C+,9,3,Yes,17,9,1.1,2.7,5,1.8,53,38.46666667,37,0
244,Jake Brown,2020,3.81,A-,10,2,Yes,8,3,4.3,4,0,,25,48.06666667,33,2
245,Emma Johnson,2016,2.36,B-,6,3,No,17,5,1.9,3.5,3,1.666666667,85,50.4,30,2
246,Emma Smith,2021,3.8,C+,7,4,No,8,1,1.1,3.6,15,0.066666667,1,29.33333333,23,0
247,Isla Clark,2021,3.82,C-,10,5,Yes,14,5,3.5,2.7,7,0.714285714,91,67.46666667,0,0
248,David Wilson,2020,3.66,F,5,2,Yes,20,1,3.2,3.4,11,0.090909091,79,61.4,47,2
249,Alice Lee,2023,2.23,D,6,0,Yes,14,4,3,3.8,16,0.25,82,52.2,23,1
250,Henry Martinez,2017,3.36,C+,1,5,Yes,9,0,3,4,14,0,83,60.06666667,18,0
251,Frank Lee,2022,2.27,D,4,5,Yes,0,2,3.6,1.5,12,0.166666667,44,41.8,10,3
252,Grace Johnson,2016,3.93,F,6,4,No,0,0,3.8,2.6,14,0,38,51.53333333,3,0
253,Henry Moore,2024,2.81,B-,9,2,Yes,1,0,2.8,3.1,15,0,31,38.4,32,2
254,Alice Johnson,2024,3.29,C+,0,2,No,10,1,1.2,1.7,6,0.166666667,61,46.26666667,12,3
255,Emma Johnson,2016,2.41,B,4,0,Yes,0,9,4.1,3.7,6,1.5,30,39.73333333,3,2
256,Jake Moore,2024,2.73,B-,0,5,No,6,1,4,1.1,5,0.2,67,53.86666667,40,0
257,Alice Martinez,2018,2.85,A,5,5,Yes,19,10,4.6,3.3,8,1.25,96,66.33333333,36,1
258,Jake Smith,2022,3.16,B,0,0,Yes,8,0,1.8,4.4,19,0,95,58.73333333,44,0
259,Henry Wilson,2015,3.66,B,8,3,No,10,1,4.2,1.7,6,0.166666667,15,43.4,44,2
260,Bob Wilson,2017,3.9,A,2,4,No,6,4,3.1,4.3,14,0.285714286,50,53,3,0
261,Bob Davis,2017,2.9,C+,10,0,No,12,7,2.3,1.6,12,0.583333333,87,56,26,1
262,Emma Smith,2024,3.51,C-,0,2,No,18,1,2.9,2.6,19,0.052631579,39,46.06666667,19,1
263,Frank Martinez,2022,3.69,A,10,1,No,5,6,2.7,1.1,20,0.3,73,57.93333333,15,2
264,Henry Taylor,2023,2.89,B-,5,2,No,10,4,3,3.6,8,0.5,60,49.26666667,30,1
265,Grace Davis,2017,2.26,A-,5,3,Yes,1,9,2.3,3.5,9,1,6,24.73333333,49,1
266,David Taylor,2019,3.65,F,10,3,No,12,8,2,2.4,19,0.421052632,94,62.33333333,1,3
267,Emma Moore,2023,3.2,C-,0,4,Yes,8,0,2.6,1.9,7,0,92,60.66666667,46,3
268,Isla Davis,2017,3.73,A-,10,3,No,12,10,1.1,2.7,3,3.333333333,16,33.86666667,5,1
269,Bob Martinez,2024,3.54,C,7,2,Yes,9,7,1,4.3,6,1.166666667,40,40.26666667,14,1
270,Frank Brown,2023,2.39,C+,9,1,No,7,6,4.3,1.5,20,0.3,100,63.6,12,3
271,Henry Moore,2022,3.39,C-,1,4,Yes,19,7,3.6,2.4,0,,59,54.26666667,24,2
272,Charlie Clark,2020,3.43,C,9,4,Yes,1,3,2.3,1.3,13,0.230769231,51,47.53333333,28,3
273,David Clark,2015,3.01,F,9,3,No,9,1,4.5,3.3,12,0.083333333,99,68.06666667,38,0
274,Grace Brown,2023,3.93,D,7,0,No,8,8,3.8,3.4,17,0.470588235,57,57.86666667,36,1
275,Bob Smith,2022,3.04,C+,1,1,No,4,6,1.1,2.2,0,,0,23.93333333,24,2
276,Emma Clark,2024,3.75,C-,2,2,Yes,5,8,4.2,2.3,10,0.8,82,66.33333333,31,0
277,Alice Moore,2015,3.45,D,3,0,Yes,15,5,1.8,4.8,1,5,44,43.66666667,44,3
278,Isla Lee,2022,3.89,B-,2,2,Yes,11,0,2.5,3.2,3,0,88,63.6,48,2
279,Isla Clark,2016,3.93,B-,1,0,Yes,6,6,1.1,2,2,3,38,42.53333333,50,0
280,Emma Martinez,2021,3.38,C,4,0,Yes,14,7,1.2,1.8,18,0.388888889,11,30.2,12,0
281,Bob Brown,2018,2.05,F,10,5,No,3,10,2.3,4.1,9,1.111111111,57,40.33333333,46,0
282,Charlie Smith,2018,3.63,C,1,2,Yes,14,0,3.1,1.6,14,0,54,52.53333333,1,2
283,Charlie Davis,2016,2.08,C,2,1,Yes,13,5,4.8,3.7,3,1.666666667,32,40.53333333,29,1
284,Henry Brown,2016,3.26,B+,4,4,Yes,10,0,2.9,1.9,1,0,70,54.73333333,20,2
285,Frank Clark,2016,2.82,C,7,4,Yes,17,8,3.4,4.4,7,1.142857143,44,44.8,44,1
286,Henry Smith,2016,3.69,C,10,3,No,8,4,1.9,1.3,19,0.210526316,20,37.6,40,2
287,Grace Smith,2020,2.02,A,1,0,No,2,10,4.8,4.4,7,1.428571429,60,49.46666667,12,3
288,Grace Lee,2017,3.47,B,8,1,Yes,17,8,3.1,4.5,2,4,60,53.46666667,26,2
289,Isla Martinez,2023,3.97,C-,4,1,No,6,9,4.9,2,2,4.5,19,49.13333333,29,0
290,Jake Martinez,2018,2.26,A-,0,5,No,6,6,1.7,1.6,11,0.545454545,46,36.06666667,44,1
291,Frank Taylor,2018,3.27,D,0,5,Yes,9,10,4.2,4.5,19,0.526315789,96,67.8,45,3
292,Jake Martinez,2021,2.05,A,0,3,Yes,0,2,3.9,4.5,5,0.4,87,55.66666667,20,1
293,Henry Clark,2021,3.09,B-,2,4,Yes,4,10,2.6,3.3,11,0.909090909,63,50.26666667,49,0
294,Bob Davis,2015,2.9,A-,8,4,Yes,11,1,3.4,1.3,4,0.25,23,38.33333333,31,1
295,Jake Clark,2015,2.73,A-,6,5,Yes,3,2,4.1,2.8,16,0.125,77,57.53333333,20,1
296,Charlie Wilson,2019,3.77,C+,9,0,No,13,7,2.7,4.5,2,3.5,70,57.46666667,13,3
297,Bob Taylor,2022,2.78,C-,5,5,Yes,2,7,3,4.1,16,0.4375,78,54.53333333,19,3
298,Grace Taylor,2017,3.66,B,10,2,Yes,7,4,3.9,2.5,0,,33,48.4,4,1
299,Frank Wilson,2015,2.76,C-,7,4,Yes,6,1,2.5,3.2,4,0.25,99,59.73333333,5,1
300,David Brown,2015,2.95,F,0,1,Yes,10,2,4.1,5,18,0.111111111,16,38.66666667,1,3
301,Jake Moore,2021,3.6,A,5,3,No,12,3,4.8,4.8,17,0.176470588,10,43.33333333,48,2
302,Henry Taylor,2016,2.93,B,3,0,Yes,3,9,4.4,1.9,4,2.25,58,53.53333333,29,1
303,Isla Moore,2019,2.28,C,2,3,No,3,7,4.1,2.2,14,0.5,17,34.53333333,18,3
304,Charlie Taylor,2022,2.89,D,10,1,No,0,6,4.9,2.3,6,1,35,47.26666667,17,2
305,Isla Johnson,2016,2.56,D,6,2,Yes,3,8,2.6,4.4,11,0.727272727,78,51.73333333,10,1
306,Alice Smith,2016,3.93,D,9,3,No,11,3,3.6,2.5,4,0.75,79,64.53333333,13,1
307,Frank Clark,2016,3.24,F,6,5,Yes,3,2,2.6,1.7,11,0.181818182,38,42.93333333,10,1
308,Emma Smith,2015,3.01,B-,8,1,Yes,15,2,4.8,2.8,2,1,68,58.73333333,40,3
309,Grace Smith,2015,2.65,C-,10,2,No,12,0,1.7,1.5,12,0,41,37,3,1
310,Bob Taylor,2022,2.08,C-,1,0,Yes,20,0,2.2,2.6,10,0,67,43.53333333,21,1
311,Grace Moore,2015,2.03,B+,9,4,Yes,2,10,1.1,3.6,10,1,3,18.2,33,0
312,Bob Wilson,2016,2.83,B+,0,4,No,0,9,4.4,4,0,,58,52.86666667,9,3
313,Henry Taylor,2021,2.88,A,10,2,Yes,6,9,3.3,3,6,1.5,44,44.86666667,43,0
314,Frank Brown,2016,3.05,D,5,4,No,8,5,1.1,4.5,0,,4,25.33333333,41,3
315,Jake Moore,2020,2.96,A,4,1,Yes,2,3,3.4,3.5,1,3,94,62.4,20,0
316,Henry Clark,2017,2.85,C,2,3,No,18,0,3.7,1.8,13,0,52,48.66666667,22,2
317,David Taylor,2022,3.74,B,3,5,No,0,7,3.1,1.7,8,0.875,34,46.6,4,1
318,David Davis,2019,3.91,F,6,2,Yes,16,10,2.6,1.1,11,0.909090909,26,43.4,0,2
319,Jake Davis,2021,2.96,F,8,0,Yes,0,10,4.9,4.9,2,5,39,49.06666667,36,3
320,Bob Taylor,2024,3.77,A,4,3,No,12,4,2.4,2.9,0,,62,53.8,30,3
321,Emma Lee,2022,3.19,C+,2,4,Yes,19,5,2.8,2.3,15,0.333333333,81,57.6,0,1
322,Henry Moore,2019,2.15,A,2,3,No,11,0,4.5,4.3,17,0,61,49.66666667,34,1
323,Grace Brown,2015,3.54,A-,7,0,Yes,1,5,1.7,4.7,14,0.357142857,29,38.93333333,23,2
324,Charlie Johnson,2017,2.38,C,10,4,No,20,4,1.6,5,9,0.444444444,31,31.53333333,2,1
325,Henry Davis,2021,2.55,C+,1,2,No,11,7,3.3,2.4,20,0.35,39,41,13,2
326,Isla Moore,2020,2.25,A-,7,2,No,5,3,3.3,3.9,14,0.214285714,59,45.66666667,47,3
327,Isla Martinez,2016,2.19,A,6,4,Yes,20,4,3.3,2.9,9,0.444444444,35,37.26666667,42,1
328,Frank Johnson,2021,2.75,C+,1,2,Yes,8,0,3.8,1.7,17,0,26,39.66666667,8,3
329,David Smith,2015,2.04,D,7,4,Yes,14,2,4.4,2.8,8,0.25,14,32.93333333,10,3
330,Grace Taylor,2024,3.62,A-,9,2,Yes,12,5,1.4,4.9,13,0.384615385,10,32.13333333,49,1
331,Grace Lee,2019,3.19,B-,7,1,Yes,4,0,2.7,1.7,0,,46,45.6,5,2
332,David Davis,2018,3.7,B+,9,0,Yes,20,7,2.2,2.2,2,3.5,16,37.33333333,49,3
333,Bob Moore,2024,3.03,A-,1,1,No,17,2,3,2.9,0,,93,61.2,37,0
334,Charlie Lee,2016,2.68,C-,3,3,Yes,14,7,3.9,3.8,7,1,56,49.53333333,19,3
335,Henry Brown,2022,3.42,C-,1,4,Yes,10,1,4.5,1.5,19,0.052631579,40,51.13333333,10,2
336,Emma Wilson,2017,3.98,D,7,0,No,4,3,2.1,2.7,10,0.3,66,55.53333333,49,1
337,Jake Brown,2022,2.29,C,9,1,No,18,7,1.6,1.1,1,7,31,30.93333333,13,1
338,Alice Johnson,2016,2.2,C,7,1,No,15,1,3.6,3.6,8,0.125,51,43.66666667,14,1
339,Frank Taylor,2020,2.6,C+,5,5,No,16,8,1.1,3.5,14,0.571428571,56,39.66666667,18,1
340,Alice Moore,2017,3.97,F,3,2,Yes,19,3,2.6,2.4,17,0.176470588,69,58.13333333,40,0
341,Isla Lee,2021,3.35,B,9,2,No,9,7,1.3,4.1,18,0.388888889,52,44,45,2
342,Grace Taylor,2022,3.21,A,1,1,Yes,17,7,5,4.6,13,0.538461538,62,58.73333333,42,1
343,Alice Wilson,2016,3.84,A,8,0,Yes,4,6,3.7,1.9,4,1.5,9,40.93333333,24,0
344,Charlie Moore,2016,2.68,B,4,4,No,20,6,1.5,2.2,10,0.6,53,40.53333333,32,3
345,Henry Wilson,2021,2.11,A-,10,4,Yes,18,4,4.5,1.8,7,0.571428571,50,45.73333333,44,2
346,David Johnson,2019,2.87,B-,5,0,Yes,3,0,3.6,4.7,13,0,11,34.8,36,3
347,Jake Wilson,2015,2.62,B-,10,5,Yes,18,1,4.9,4.4,3,0.333333333,1,34.13333333,46,0
348,Frank Brown,2022,3.63,C-,2,2,Yes,10,1,2,1.5,8,0.125,63,51.86666667,11,1
349,Emma Moore,2022,3.07,B-,6,4,No,11,3,4.7,4,2,1.5,97,68.46666667,36,1
350,Frank Martinez,2021,3.13,B-,2,2,Yes,0,1,1.7,1.3,5,0.2,68,49.2,25,0
351,Jake Clark,2023,2.19,B,8,2,No,7,1,4.5,1.6,11,0.090909091,76,54.93333333,3,1
352,Emma Johnson,2023,2.85,A,9,5,Yes,15,3,1.4,4.7,6,0.5,2,24.33333333,44,0
353,Bob Johnson,2015,2.59,A,3,2,Yes,8,4,3.5,1.4,4,1,54,46.93333333,7,3
354,Emma Lee,2019,3.92,B+,6,0,No,12,0,4.9,2.4,10,0,28,51.8,27,0
355,Frank Taylor,2015,3.8,B,0,4,No,2,6,2.3,3.8,19,0.315789474,16,38.33333333,1,2
356,Jake Clark,2023,2.52,B,7,2,No,3,1,4.7,4.8,17,0.058823529,96,64.46666667,37,2
357,Charlie Wilson,2022,2.59,B,9,1,No,10,7,3.9,1.9,5,1.4,75,55.26666667,40,1
358,Alice Clark,2019,3.51,C,2,2,No,0,9,2.3,1.3,20,0.45,77,56.73333333,42,3
359,Alice Smith,2022,3.62,F,10,2,No,17,1,4.5,4,12,0.083333333,27,48.13333333,11,3
360,Frank Brown,2022,3.98,D,8,2,Yes,13,0,2.3,2.2,10,0,1,34.53333333,30,1
361,Emma Clark,2016,2.84,F,7,5,Yes,9,0,4.2,1.7,10,0,7,35.26666667,22,3
362,Charlie Lee,2015,2.5,B+,4,3,No,10,8,2.6,4.9,6,1.333333333,7,27.66666667,48,3
363,Jake Lee,2023,2.2,C,9,4,Yes,20,0,4.2,4.8,9,0,75,53.66666667,50,0
364,Grace Clark,2016,2.21,F,6,0,No,16,9,4.1,3.1,17,0.529411765,55,46.73333333,14,3
365,Henry Brown,2019,3.04,A-,10,3,No,4,1,4.1,1.4,7,0.142857143,94,65.26666667,12,0
366,Grace Martinez,2018,2.17,B,2,3,Yes,10,0,1.1,1.2,20,0,2,18.8,35,1
367,David Davis,2023,2.88,B+,6,1,Yes,5,1,1.2,4.3,10,0.1,51,40.2,18,3
368,Henry Lee,2023,2.84,C,10,2,No,20,9,2.3,3,1,9,35,38.26666667,50,0
369,Charlie Taylor,2020,2.16,B+,9,4,No,20,2,3.5,3.1,18,0.111111111,54,44.06666667,37,0
370,Henry Davis,2019,2.54,B-,3,4,Yes,14,8,2.2,3.8,0,,5,25.93333333,15,1
371,Emma Brown,2017,2.79,A-,3,3,Yes,20,6,3.2,2,20,0.3,17,34.93333333,46,0
372,Henry Taylor,2018,2.76,B+,4,4,Yes,4,2,5,1.8,14,0.142857143,71,58.73333333,32,3
373,Alice Johnson,2023,3.93,B+,3,3,No,14,9,2.9,3.7,1,9,74,60.53333333,26,2
374,Grace Davis,2016,2.75,B-,7,3,Yes,10,5,4.6,2.1,6,0.833333333,43,48,33,1
375,Isla Wilson,2019,3.46,B-,7,4,Yes,19,7,3.3,4,1,7,99,67.06666667,5,2
376,Frank Moore,2016,2.36,B+,8,5,No,0,7,4.3,4,13,0.538461538,93,61.06666667,37,3
377,Henry Brown,2015,2.89,D,1,0,No,0,1,4.5,4.7,13,0.076923077,73,58.6,7,0
378,Isla Johnson,2015,2.41,F,8,2,No,5,2,4,3.3,16,0.125,5,31.06666667,4,0
379,David Clark,2018,3.54,C+,8,1,No,15,7,3.4,1.9,6,1.166666667,79,61.26666667,25,3
380,David Smith,2019,2.1,A,7,1,No,13,8,4.2,1.1,18,0.444444444,18,34,31,1
381,Jake Smith,2021,3.85,A,1,5,No,17,3,3,2.3,1,3,92,66.33333333,10,3
382,Grace Moore,2023,2.02,C-,9,3,Yes,14,0,4,1.2,8,0,6,28.8,5,0
383,Isla Moore,2022,2.2,B,1,2,No,1,6,2.1,3.1,17,0.352941176,19,28,16,3
384,Bob Taylor,2023,3.82,B+,9,5,No,19,3,4.5,3.7,5,0.6,18,46.46666667,1,2
385,Charlie Moore,2024,2.16,A-,5,2,No,8,7,4.1,1.2,13,0.538461538,68,50.73333333,25,3
386,Isla Clark,2015,3.71,B+,3,5,Yes,1,2,1.1,2.1,0,,24,36.4,19,2
387,Bob Brown,2020,3.48,B,5,2,Yes,14,9,2.4,1.3,14,0.642857143,71,54.86666667,45,1
388,Alice Davis,2021,2.47,B-,4,3,Yes,20,0,2.5,4.4,5,0,37,37.13333333,39,2
389,Alice Martinez,2018,3.91,C+,4,5,Yes,19,0,2.1,1.3,4,0,96,65.06666667,25,2
390,Alice Martinez,2016,2.81,D,4,1,Yes,15,10,2.3,1.1,11,0.909090909,81,53.4,29,0
391,Jake Martinez,2021,3.19,B-,10,4,Yes,3,0,3.4,4.4,7,0,46,47.93333333,20,0
392,Emma Wilson,2024,3.98,C-,10,1,No,12,5,3.6,1,12,0.416666667,13,42.86666667,0,3
393,David Wilson,2021,2.73,B,1,3,No,6,10,3,2.3,12,0.833333333,64,49.53333333,7,3
394,Henry Clark,2017,2.96,B,1,4,Yes,19,2,4.8,1.7,6,0.333333333,2,36.4,10,3
395,Jake Wilson,2017,2.49,B+,8,3,No,19,3,2.4,3.1,0,,41,38.26666667,42,2
396,Jake Lee,2016,2.17,C+,10,0,Yes,10,7,2,3.2,15,0.466666667,60,41.13333333,11,2
397,David Taylor,2019,2.09,D,8,5,No,11,0,2.6,4.6,10,0,79,48.93333333,38,0
398,Frank Clark,2022,3.66,A-,10,4,Yes,18,0,1.7,2.4,17,0,59,49.73333333,48,0
399,Frank Brown,2023,2.21,B-,10,4,Yes,19,1,1.3,2,16,0.0625,22,26.4,6,2
400,Grace Taylor,2019,3.79,B,2,0,Yes,14,8,2.9,2.9,16,0.5,64,56.26666667,6,0
401,Alice Brown,2016,3.39,D,4,0,Yes,4,7,3.8,1.9,18,0.388888889,39,48.26666667,50,0
402,Alice Taylor,2020,2.98,C,9,0,Yes,17,2,1.4,1.6,3,0.666666667,19,30.86666667,32,1
403,Emma Wilson,2020,3.51,B,3,5,No,7,1,1.3,3,14,0.071428571,4,29.06666667,3,2
404,Charlie Clark,2024,3.66,A-,8,0,Yes,2,10,2.5,4,9,1.111111111,5,34.4,13,3
405,Charlie Davis,2024,3.55,D,7,4,No,9,10,3.2,3.7,19,0.526315789,25,42.66666667,46,0
406,Alice Martinez,2016,2.83,B-,9,2,Yes,19,9,1.6,5,18,0.5,25,32.53333333,37,3
407,Henry Lee,2018,2.04,F,5,2,No,6,1,3,5,20,0.05,41,37.26666667,46,0
408,Isla Johnson,2016,2.44,C+,10,0,Yes,7,5,1.6,4.2,13,0.384615385,19,27.93333333,43,0
409,Emma Clark,2017,3.65,C,0,1,No,2,9,1.2,3.1,14,0.642857143,35,40,3,0
410,Frank Moore,2018,3.59,B-,10,0,Yes,5,9,4.4,2.9,12,0.75,10,41.93333333,9,3
411,Alice Martinez,2018,3.66,A-,3,5,Yes,4,10,3.9,2.9,12,0.833333333,81,64.4,9,2
412,Charlie Lee,2020,3.61,C-,5,4,Yes,1,7,3,3.1,20,0.35,0,34.06666667,45,0
413,Jake Wilson,2021,3.03,A-,0,3,No,0,0,2.7,3.1,16,0,98,61.86666667,23,3
414,Charlie Clark,2016,2.36,C-,4,4,Yes,3,4,4.8,3.6,0,,10,35.06666667,22,2
415,Alice Johnson,2022,3.5,F,2,2,No,19,3,2.2,4.9,10,0.3,56,49.33333333,30,0
416,Isla Moore,2017,3.03,C-,2,1,Yes,14,2,3.1,2.4,10,0.2,19,36.86666667,14,0
417,Alice Smith,2018,2.12,F,1,1,Yes,9,5,4.5,3,6,0.833333333,13,33.46666667,48,1
418,Bob Johnson,2016,2.49,F,8,2,Yes,9,0,1.7,4.2,18,0,72,46.26666667,31,2
419,Bob Lee,2016,2.44,C,10,5,Yes,3,10,3.3,2.8,16,0.625,94,58.6,46,2
420,Frank Smith,2015,2.13,D,7,3,No,12,10,1.6,2.8,18,0.555555556,81,46.53333333,25,2
421,Alice Clark,2021,2.74,C,7,1,No,17,10,3.7,2.2,8,1.25,62,51.26666667,5,3
422,Grace Moore,2020,3.49,C+,4,5,No,6,7,3.4,3.6,10,0.7,9,37.6,43,3
423,Alice Clark,2023,2.88,B,2,5,No,15,7,3.9,3.4,10,0.7,63,53.2,40,2
424,Alice Brown,2019,3.66,B-,8,0,No,6,6,1.1,4.9,12,0.5,96,60.06666667,5,0
425,David Smith,2022,3.37,B+,4,0,Yes,5,6,4,4.3,7,0.857142857,13,40.13333333,25,2
426,Grace Martinez,2017,3.04,C-,7,5,No,13,4,1.4,4.7,8,0.5,19,31.26666667,41,1
427,Jake Moore,2015,2.82,B-,5,5,No,9,2,1.6,3.3,7,0.285714286,56,42.8,19,1
428,Jake Clark,2018,2.49,F,3,5,No,10,0,4.5,3.1,5,0,6,33.6,14,1
429,Isla Brown,2015,3.26,A-,7,0,No,12,7,4.3,4.4,2,3.5,13,40.4,4,1
430,Bob Brown,2020,2.57,C,5,3,Yes,2,2,2.5,2.6,20,0.1,24,33.46666667,15,3
431,Bob Clark,2017,3.11,C,5,4,No,9,0,3.6,4.4,1,0,74,57.4,37,1
432,Charlie Brown,2023,2.1,B-,8,3,No,8,2,3.5,3.8,4,0.5,72,49.66666667,37,1
433,Alice Brown,2022,2.8,B+,9,4,No,18,1,2,3.1,19,0.052631579,30,35.33333333,8,3
434,Isla Brown,2016,4,D,7,1,Yes,14,4,2.6,2.1,20,0.2,61,55.66666667,26,3
435,David Wilson,2019,3.48,A-,4,5,Yes,12,10,4.6,2.3,4,2.5,11,42.2,16,0
436,Jake Taylor,2016,2.49,C-,5,3,No,15,6,4.1,2.3,12,0.5,100,63.6,39,0
437,Charlie Smith,2017,2.46,B-,5,5,No,15,10,4.4,4.3,4,2.5,92,61.73333333,24,2
438,David Brown,2022,2.69,A,8,1,Yes,10,0,4.3,3.9,9,0,77,57.93333333,36,0
439,Charlie Lee,2022,3.06,C-,6,3,Yes,12,3,4.7,4.8,20,0.15,63,57.06666667,39,2
440,Bob Johnson,2016,2.38,C-,1,3,No,2,8,2.8,4.7,6,1.333333333,65,46.86666667,13,0
441,Bob Moore,2019,3.65,B-,5,3,No,3,3,3,3.4,15,0.2,33,45.33333333,19,2
442,Henry Lee,2024,2.83,B+,4,2,No,20,10,2.4,4.4,18,0.555555556,6,28.86666667,10,0
443,Charlie Moore,2020,3.08,A,8,2,No,15,9,3.6,4.4,8,1.125,25,40.86666667,25,1
444,Charlie Brown,2017,3.04,C-,4,5,Yes,5,4,3.8,4.9,10,0.4,39,45.93333333,23,2
445,Jake Moore,2023,2.06,A-,5,1,Yes,9,2,3.1,1,10,0.2,53,41.73333333,32,3
446,Frank Johnson,2020,2.11,D,1,2,Yes,13,1,3.5,3.8,14,0.071428571,93,56.73333333,7,3
447,Frank Martinez,2024,3.08,A-,9,0,No,19,8,4.1,4.6,18,0.444444444,94,65.53333333,4,2
448,Grace Martinez,2020,3.64,B+,0,4,Yes,3,5,2.8,4.9,1,5,78,59.6,24,3
449,Bob Davis,2019,3.67,B,0,5,No,4,7,3,2.2,0,,56,53.13333333,17,2
450,Jake Lee,2016,2.96,B+,2,1,No,6,1,2.2,1.6,14,0.071428571,96,59.06666667,28,0
451,Bob Martinez,2022,3.71,A-,5,2,No,19,9,4.3,1.4,19,0.473684211,17,44.73333333,18,1
452,David Brown,2020,3.28,C-,2,5,Yes,8,0,4.2,2.1,7,0,28,45.2,7,3
453,Grace Lee,2017,3.68,B-,3,0,No,20,1,3.4,1.2,19,0.052631579,78,61.86666667,50,3
454,Jake Brown,2024,2.38,C+,3,2,Yes,7,0,1.1,2,1,0,16,24.86666667,36,3
455,David Clark,2016,2.71,C-,4,0,No,8,5,2.3,3.4,20,0.25,25,34.06666667,45,2
456,Emma Johnson,2015,3.9,F,0,4,Yes,17,4,4.5,4.5,13,0.307692308,51,58,2,0
457,Emma Smith,2024,3.33,A-,8,5,Yes,19,1,4.6,3.9,14,0.071428571,28,46.86666667,8,1
458,Grace Wilson,2018,3.23,C+,3,5,No,17,1,1.2,4.7,12,0.083333333,34,36.86666667,39,1
459,Isla Clark,2023,2.28,A,0,0,Yes,18,6,3.2,3.1,20,0.3,31,36.2,36,0
460,Grace Taylor,2016,3.23,A,3,4,No,19,0,3.2,2.7,16,0,16,37.53333333,3,0
461,Alice Moore,2024,3.99,B-,2,1,No,1,3,4.5,1.4,13,0.230769231,25,49.93333333,38,0
462,David Martinez,2021,3.97,A-,3,0,Yes,6,0,3.6,3.3,3,0,69,61.46666667,32,2
463,Emma Davis,2018,2.55,B+,1,5,Yes,2,6,4.2,1.6,2,3,66,53,42,3
464,Frank Moore,2022,3.32,C+,8,3,No,7,5,1.1,4.8,17,0.294117647,76,51.13333333,27,3
465,Isla Wilson,2023,3.59,C,3,5,Yes,14,7,3.3,2.2,20,0.35,45,49.93333333,25,0
466,Jake Taylor,2016,3.38,B+,4,4,No,4,5,4.3,4.7,7,0.714285714,89,66.53333333,14,3
467,Jake Clark,2015,2.33,B,5,1,Yes,19,8,4.8,3.9,14,0.571428571,93,62.53333333,39,2
468,Henry Smith,2017,3.73,B-,7,2,Yes,12,2,4.4,4.6,16,0.125,79,65.86666667,34,3
469,Bob Johnson,2018,2.44,B-,8,1,No,2,6,2.4,4.9,20,0.3,37,36.6,50,3
470,Frank Johnson,2020,2.8,B,3,5,No,19,7,1.6,5,2,3.5,49,40.33333333,9,3
471,Grace Brown,2015,2.27,B-,6,3,No,10,4,3,1.3,17,0.235294118,17,30.8,12,1
472,Isla Taylor,2022,2.91,D,3,4,Yes,20,10,2.1,3.1,15,0.666666667,63,47.4,37,1
473,Grace Lee,2018,3.38,C,5,2,No,10,6,2.2,1.8,9,0.666666667,33,40.86666667,35,2
474,Bob Johnson,2020,3.56,B+,0,5,No,9,10,1.7,3.4,1,10,56,48.06666667,49,2
475,Henry Lee,2021,2.87,C,2,4,Yes,3,6,1.5,1.8,5,1.2,24,32.13333333,7,1
476,Grace Johnson,2020,3.69,C-,0,2,No,4,6,3.8,2.1,4,1.5,27,46.26666667,0,3
477,Emma Martinez,2024,2.6,B,1,3,No,15,0,1.7,3.3,16,0,85,51.33333333,12,2
478,Frank Brown,2018,2.5,F,4,2,No,5,5,2.8,3.6,19,0.263157895,70,49.33333333,2,0
479,Henry Davis,2018,2.79,C-,9,1,Yes,12,3,1.8,1.9,0,,83,52.26666667,0,3
480,Charlie Johnson,2020,3.29,C+,5,5,No,6,6,3.5,3.9,6,1,82,60.93333333,22,3
481,Alice Lee,2024,3.06,C+,9,3,Yes,12,9,3.5,3.6,8,1.125,54,50.06666667,1,1
482,Grace Wilson,2024,4,C-,10,5,Yes,11,3,1.7,2.8,10,0.3,79,58.66666667,40,0
483,David Davis,2024,3.15,A-,3,2,No,6,3,2.2,3,18,0.166666667,49,44.66666667,26,1
484,Isla Smith,2022,3.31,C,9,2,Yes,3,5,1.2,3.2,11,0.454545455,99,59.06666667,21,2
485,Emma Smith,2016,3.62,B+,8,0,No,4,3,1.7,1.1,1,3,14,34.46666667,15,2
486,Charlie Johnson,2019,3.94,C-,9,3,Yes,10,0,1,4,13,0,37,41.93333333,32,0
487,Charlie Davis,2018,3.3,B-,7,2,Yes,3,8,1.7,3.1,15,0.533333333,67,50,41,0
488,Emma Brown,2021,2.52,B-,3,4,No,0,7,1.8,2.5,13,0.538461538,39,35.8,14,1
489,Charlie Smith,2021,2.15,B-,5,4,No,4,1,1.1,3.9,19,0.052631579,30,28,7,1
490,Charlie Taylor,2021,2.83,A-,4,2,Yes,4,4,3.8,3.1,18,0.222222222,29,41.2,1,1
491,Jake Smith,2022,3.53,C-,1,1,No,0,10,1.2,4.9,13,0.769230769,36,39.53333333,17,0
492,Emma Wilson,2019,3.02,B,3,1,Yes,14,6,3.2,1.9,11,0.545454545,26,39.46666667,21,0
493,David Davis,2019,3.13,B,9,2,Yes,14,10,1.7,3.8,6,1.666666667,8,29.2,33,3
494,Charlie Lee,2016,2.15,C+,8,0,Yes,11,9,1.4,3.3,14,0.642857143,43,33.33333333,2,3
495,Emma Taylor,2017,3.07,D,4,5,No,13,8,2.4,3.7,7,1.142857143,25,36.8,30,1
496,Henry Martinez,2021,2.86,A,1,5,Yes,6,0,1.1,2.1,12,0,69,45.73333333,41,2
497,Bob Wilson,2024,3.58,B+,9,3,No,7,9,3.8,3.4,12,0.75,70,59.86666667,14,0
498,Bob Taylor,2015,3.96,B,10,3,No,6,10,4.9,1.8,4,2.5,0,42.73333333,9,2
499,Isla Davis,2016,3.69,F,6,4,No,1,10,1.9,4.6,10,1,72,54.93333333,47,0
500,Frank Brown,2020,2.19,A,0,4,No,18,6,3.3,3.1,8,0.75,16,30.93333333,36,3
501,Henry Taylor,2023,2.92,F,0,2,No,15,8,1.4,3.8,16,0.5,62,44.8,0,1
502,David Wilson,2024,3.57,C-,0,4,No,2,3,3.3,4.8,1,3,86,63.46666667,25,2
503,Alice Johnson,2019,2.13,D,9,5,No,8,6,2.9,3.2,1,6,65,45.53333333,19,0
504,Frank Taylor,2023,3.63,C,10,4,No,11,2,2.5,4.3,13,0.153846154,4,33.86666667,40,2
505,Bob Martinez,2018,2.55,C,9,5,No,11,10,1.1,4.7,18,0.555555556,81,47.66666667,4,1
506,Henry Moore,2017,3.64,C+,4,5,Yes,19,2,4.1,3.2,13,0.153846154,12,41.93333333,35,2
507,Charlie Clark,2018,3.93,A,2,5,No,9,0,3.8,2.2,0,,26,47.53333333,9,0
508,Grace Johnson,2019,3.17,C,3,0,Yes,14,7,4.2,4.8,15,0.466666667,18,41.13333333,0,3
509,Frank Wilson,2019,3.17,D,2,1,No,18,2,3.8,4.5,12,0.166666667,1,34.13333333,23,0
510,Isla Smith,2021,2.48,A-,9,4,No,15,10,3.7,1.3,10,1,100,62.2,2,1
511,Charlie Martinez,2016,3.24,A-,1,3,Yes,9,8,3.7,4.7,1,8,6,35.93333333,40,3
512,Alice Taylor,2021,2.92,B+,3,3,No,15,9,1.9,3.2,3,3,89,55.46666667,30,2
513,Grace Brown,2023,3.71,B+,8,1,Yes,4,10,1.2,1.5,15,0.666666667,57,47.73333333,2,0
514,Charlie Davis,2015,2.39,B,4,0,Yes,1,10,4.4,4.8,7,1.428571429,7,32.93333333,41,0
515,Jake Taylor,2021,3.84,A-,3,0,No,15,8,1.9,4.5,0,,99,64.93333333,30,2
516,Grace Davis,2020,3.69,B-,6,1,No,1,8,1.9,1,17,0.470588235,1,31.26666667,35,3
517,Bob Taylor,2023,3.73,B,5,4,No,19,10,1,4.8,8,1.25,22,35.53333333,13,0
518,Charlie Davis,2020,3.11,B-,0,5,No,8,4,1.6,2.7,1,4,60,46.06666667,48,3
519,Emma Davis,2024,3.62,F,6,1,Yes,4,0,2.3,2.8,12,0,17,37.46666667,47,1
520,Alice Brown,2022,2.88,F,4,0,No,10,7,4.5,2.4,3,2.333333333,82,61.53333333,24,1
521,David Lee,2021,3.72,B,7,0,No,12,9,1.5,4.2,9,1,47,45.46666667,33,0
522,Isla Taylor,2020,3.3,B-,6,3,No,20,4,1.7,1.7,17,0.235294118,21,34.66666667,43,3
523,Bob Smith,2018,2.62,F,10,5,Yes,13,3,1.3,4.2,20,0.15,61,42.13333333,43,0
524,Bob Johnson,2016,2.29,D,8,5,No,7,2,3.1,4.7,9,0.222222222,15,30.6,1,1
525,Alice Johnson,2016,3.31,C-,7,2,No,5,6,4.6,1.2,18,0.333333333,18,43.4,26,3
526,David Davis,2017,3.95,A,5,4,No,17,2,1.3,3.5,10,0.2,17,36.33333333,5,3
527,Jake Smith,2018,2.18,C+,0,4,No,17,0,2.2,2.8,14,0,16,27.2,29,2
528,Grace Wilson,2015,2.29,B+,9,0,No,15,6,2.8,1.8,5,1.2,20,31.26666667,11,1
529,Jake Moore,2016,2.17,B,2,0,No,12,2,4.4,1.4,8,0.25,49,45.46666667,45,3
530,Isla Moore,2017,3.46,B-,4,1,Yes,16,7,1.4,1.2,19,0.368421053,59,47.4,15,3
531,Bob Johnson,2016,3.07,C,7,4,No,16,2,1.6,3,7,0.285714286,83,53.46666667,22,1
532,Henry Moore,2017,3.02,C+,4,0,No,12,4,3.9,1.6,11,0.363636364,91,63.46666667,5,2
533,Jake Brown,2023,3.11,B-,7,1,Yes,7,0,1.5,4.4,3,0,70,49.06666667,35,3
534,Jake Taylor,2022,2.11,A,9,3,No,13,8,1.8,2,18,0.444444444,62,40.73333333,31,2
535,Bob Taylor,2019,3.91,B,2,2,Yes,10,4,3.3,1.2,10,0.4,9,40.06666667,13,0
536,Frank Taylor,2020,2.71,B,6,1,Yes,0,3,2.6,1.4,13,0.230769231,17,32.4,25,1
537,David Clark,2017,3.92,D,9,1,No,9,10,2.7,4.8,0,,88,64.46666667,19,3
538,Bob Johnson,2016,2.57,B+,0,3,Yes,7,1,2.2,1,9,0.111111111,82,51.8,30,2
539,Charlie Davis,2021,3.97,A-,7,3,Yes,0,8,2.5,1,11,0.727272727,10,38.13333333,47,2
540,Bob Moore,2022,3.04,B+,5,2,Yes,0,8,1.3,4.6,13,0.615384615,46,39.93333333,30,3
541,Jake Brown,2015,2.1,C-,0,4,Yes,1,6,3.4,2.9,11,0.545454545,58,44.66666667,23,1
542,Alice Brown,2024,3.11,F,9,5,No,17,3,4.6,3.8,10,0.3,12,40.06666667,10,0
543,Bob Clark,2022,3.14,C+,9,4,Yes,7,10,1.7,1.6,16,0.625,83,54.26666667,30,3
544,Isla Davis,2018,3.18,C,7,5,Yes,15,4,3.9,2.6,10,0.4,45,49.2,1,2
545,Frank Johnson,2015,2.14,D,3,1,Yes,19,10,4.8,3.9,8,1.25,19,36.6,42,2
546,Henry Lee,2020,2.98,C+,10,5,No,3,3,2.8,3.1,11,0.272727273,86,57.86666667,36,2
547,Emma Martinez,2017,3.07,B+,6,5,No,14,2,4.2,1.8,4,0.5,60,54.46666667,18,2
548,Henry Wilson,2018,2.45,C,2,3,Yes,11,3,4.1,3.2,0,,34,41.33333333,7,0
549,Jake Clark,2024,2.22,B,8,3,Yes,6,5,4.4,1.9,18,0.277777778,84,57.46666667,35,1
550,Alice Wilson,2016,2.65,B,5,4,No,19,7,2.7,2.7,11,0.636363636,71,50.33333333,42,2
551,Jake Smith,2023,3.05,B-,2,3,Yes,8,9,3.2,4.2,16,0.5625,94,62.33333333,12,1
552,Isla Davis,2020,2.04,C,7,2,No,16,0,3.8,2.8,19,0,63,47.26666667,34,3
553,Jake Brown,2023,2.01,C+,6,0,No,17,0,4.1,2.3,17,0,31,37.4,36,3
554,David Clark,2024,3.28,A-,2,3,Yes,4,7,3.8,3.9,15,0.466666667,9,37.53333333,9,2
555,Bob Smith,2017,2.7,C,5,4,No,6,9,1.4,4.5,8,1.125,8,25.33333333,47,3
556,Alice Martinez,2023,2.51,A,7,0,Yes,6,6,3.3,3.7,20,0.3,6,29.73333333,42,0
557,Alice Wilson,2016,3.68,B+,7,3,No,20,2,1.9,1.1,10,0.2,87,59.86666667,21,2
558,Frank Johnson,2017,2.3,A-,6,0,No,14,4,1.7,4.4,7,0.571428571,22,28.33333333,21,1
559,Henry Johnson,2019,3.67,F,5,5,Yes,4,4,4.8,2.1,10,0.4,34,51.8,15,3
560,David Moore,2016,2.39,C,9,5,Yes,5,5,2.3,2.4,2,2.5,45,38.6,35,0
561,David Smith,2017,2.27,F,5,5,Yes,6,6,3.5,1.5,4,1.5,5,28.46666667,37,1
562,Charlie Lee,2017,2.99,C-,3,0,No,3,5,4.9,4.6,11,0.454545455,90,66.26666667,23,2
563,Frank Moore,2018,2.03,B+,6,4,Yes,4,10,3.5,3.6,7,1.428571429,42,39.2,50,3
564,David Moore,2024,2.42,B,9,5,No,6,1,2.8,1.4,15,0.066666667,16,30.8,18,1
565,David Wilson,2016,3.64,D,1,2,No,18,7,2,3.8,12,0.583333333,69,53.93333333,49,2
566,Isla Wilson,2019,3.23,A-,10,0,No,0,9,3.3,1.4,9,1,60,52.53333333,35,2
567,Alice Taylor,2017,2.03,F,2,3,Yes,12,8,2.5,3.9,8,1,32,32.53333333,17,3
568,Emma Martinez,2015,2.63,C-,3,4,No,8,9,2.5,1.4,3,3,4,27.2,10,0
569,Emma Wilson,2023,3.9,C-,8,2,Yes,8,9,3.7,3.7,7,1.285714286,60,58.33333333,34,2
570,Alice Brown,2022,2.3,B+,3,3,Yes,4,8,3.9,3.1,19,0.421052632,90,58.33333333,48,1
571,Isla Johnson,2017,3.72,C+,10,3,No,11,9,2.9,4.6,10,0.9,31,44.8,21,0
572,Frank Johnson,2019,3.72,C,1,3,No,5,6,3.2,4.6,12,0.5,25,43.8,28,0
573,Jake Clark,2017,3.8,D,3,5,No,6,9,2.5,3.2,14,0.642857143,11,37.33333333,28,1
574,Alice Lee,2015,3.18,B,5,5,No,7,9,1.3,3.2,17,0.529411765,19,31.86666667,34,2
575,Frank Johnson,2018,3.76,C-,3,3,No,12,9,3.8,1.9,20,0.45,12,41.73333333,14,2
576,Charlie Lee,2023,2.54,A,8,2,Yes,2,3,3.9,1.4,9,0.333333333,83,57.6,45,0
577,Frank Johnson,2024,2.74,A,10,5,Yes,10,10,3.8,2.9,3,3.333333333,69,53.93333333,44,2
578,Jake Wilson,2020,3.64,A-,10,3,Yes,15,9,3.2,2.9,10,0.9,36,46.93333333,39,1
579,David Wilson,2017,2.69,F,4,2,Yes,1,10,4.3,2.6,3,3.333333333,40,45.6,34,3
580,Isla Wilson,2023,3.86,D,3,4,Yes,18,8,3.2,1.9,11,0.727272727,3,37.4,34,3
581,Alice Martinez,2019,2.46,C+,8,2,No,10,9,1.3,2.4,1,9,2,21.4,25,2
582,Emma Johnson,2018,3.91,A,6,2,No,8,6,4,3.5,4,1.5,86,68.06666667,49,0
583,Charlie Brown,2023,3.9,F,2,1,No,2,5,4.7,4.8,3,1.666666667,45,56.66666667,41,2
584,Isla Wilson,2018,3.62,A,10,2,Yes,14,9,1.9,1.4,4,2.25,79,56.8,38,0
585,Jake Johnson,2022,2.2,C-,4,3,No,13,9,3.9,2,20,0.45,56,46.33333333,48,1
586,David Lee,2024,2.9,C+,5,2,No,15,8,1.5,4.6,4,2,87,53.33333333,38,1
587,David Clark,2019,3.53,A-,8,2,No,8,10,2,4.8,8,1.25,74,54.86666667,27,3
588,Frank Taylor,2022,3.7,B+,5,3,Yes,16,8,3.5,2,5,1.6,21,43.33333333,32,3
589,Jake Martinez,2023,3.08,D,0,0,No,16,3,4,2.4,7,0.428571429,23,41.53333333,26,0
590,Charlie Davis,2017,3.01,F,4,0,No,1,4,4.8,1,2,2,27,45.06666667,17,2
591,Jake Davis,2021,2.88,B+,10,4,No,9,7,1.6,4.3,17,0.411764706,86,53.2,22,1
592,Henry Moore,2023,3.17,C+,9,0,Yes,20,1,3.3,3.6,19,0.052631579,48,48.13333333,17,2
593,Bob Lee,2021,3.46,D,10,5,No,4,8,2.8,2.5,5,1.6,18,38.4,45,3
594,Grace Taylor,2023,2.45,C+,8,3,No,15,1,1.7,1.1,12,0.083333333,16,27.33333333,10,0
595,Isla Johnson,2018,2.06,D,8,5,Yes,6,3,1.5,1.8,0,,79,45.06666667,23,0
596,Charlie Wilson,2016,3.81,A-,10,0,Yes,4,4,1.9,3.8,16,0.25,54,49.73333333,26,2
597,Bob Davis,2024,2.47,B+,2,4,Yes,14,9,3.3,4.6,6,1.5,4,28.8,22,3
598,Bob Martinez,2020,3.35,B-,4,5,Yes,5,8,1,3.3,8,1,52,43,41,0
599,Isla Johnson,2023,2.76,F,7,1,Yes,12,10,3.3,2.4,16,0.625,18,35.4,34,0
600,Jake Martinez,2021,3.1,C,3,3,Yes,4,9,3.8,1.7,10,0.9,34,44.66666667,20,1
601,Henry Taylor,2016,2.07,A,0,4,Yes,16,0,4.6,2.6,7,0,22,36.46666667,2,0
602,Frank Martinez,2022,2.1,B+,8,4,No,3,1,4.2,1.2,12,0.083333333,85,56.33333333,19,1
603,Isla Johnson,2015,2.21,B,2,3,Yes,2,1,2.1,4.8,16,0.0625,18,27.73333333,25,0
604,Alice Brown,2023,2.08,A-,5,1,Yes,1,7,2.4,3.2,6,1.166666667,96,53.86666667,48,2
605,David Taylor,2019,2.74,C+,2,2,Yes,13,5,2.1,3.7,19,0.263157895,68,47.93333333,35,1
606,David Wilson,2016,2.43,C,2,3,Yes,17,1,1.8,4.2,19,0.052631579,51,39.2,28,2
607,Emma Wilson,2017,2.65,C-,0,2,No,8,0,4.9,4.2,13,0,43,48.33333333,11,3
608,Jake Moore,2023,3.06,B-,6,1,Yes,19,6,3.1,3.6,4,1.5,50,47.4,31,0
609,Grace Johnson,2024,2.8,B,0,2,No,2,10,2.1,2.7,19,0.526315789,67,48,45,1
610,Bob Lee,2019,3.55,C+,9,5,Yes,4,6,3.8,2.7,14,0.428571429,94,67.66666667,4,2
611,Jake Moore,2020,2.02,B-,2,2,No,18,0,3.4,2.9,10,0,46,40.13333333,25,3
612,Emma Martinez,2017,3.29,B-,10,1,Yes,15,5,3.3,3.6,17,0.294117647,37,45.26666667,14,3
613,Frank Taylor,2022,3.42,A-,4,5,No,9,8,1.2,4.2,8,1,100,60.13333333,23,2
614,Henry Wilson,2021,2.6,C+,1,1,Yes,14,6,2.2,3.4,18,0.333333333,80,51.33333333,7,1
615,Grace Moore,2018,3.81,F,10,0,Yes,10,6,2.6,4.1,0,,75,59.06666667,50,2
616,David Smith,2024,2.9,C-,9,4,No,9,8,2.5,1.4,11,0.727272727,38,40.33333333,45,2
617,David Clark,2019,2.51,B+,7,2,Yes,19,3,3.3,2.4,10,0.3,69,50.73333333,26,3
618,Jake Moore,2021,3.25,A,6,0,Yes,10,8,2.5,3.4,16,0.5,49,46.33333333,46,1
619,Emma Taylor,2021,3.89,B+,6,4,Yes,0,2,2.6,2.1,6,0.333333333,86,63.26666667,5,3
620,Frank Taylor,2021,2.67,C+,2,3,No,3,1,2.9,4.6,13,0.076923077,99,60.46666667,9,1
621,Bob Smith,2017,3.66,F,9,1,Yes,11,2,2.4,1.3,11,0.181818182,59,52.06666667,28,2
622,Isla Brown,2021,2.63,F,4,5,Yes,1,0,1.9,2.2,14,0,29,33.53333333,19,1
623,Grace Smith,2015,3.07,B-,9,3,No,4,10,4.8,1.9,11,0.909090909,19,42.8,34,0
624,Isla Smith,2021,2.2,C+,4,1,Yes,3,2,1.2,3.4,7,0.285714286,17,24.33333333,7,2
625,David Martinez,2024,2.71,C,9,3,Yes,7,3,2,1.9,7,0.428571429,97,57.06666667,16,1
626,Emma Lee,2020,2.87,B+,9,2,Yes,19,6,1.4,1.9,20,0.3,1,24.13333333,44,3
627,Henry Lee,2015,3.78,C,5,3,No,9,4,3.7,1.1,8,0.5,15,42.53333333,12,3
628,Charlie Smith,2016,3.73,B-,5,3,No,1,3,1.3,2.4,14,0.214285714,98,61.86666667,4,0
629,Charlie Taylor,2018,2.83,B,4,3,Yes,20,4,1.5,2.1,18,0.222222222,59,43.53333333,21,2
630,Alice Davis,2018,2.21,F,8,1,Yes,13,2,2.1,3.7,11,0.181818182,58,41.06666667,17,1
631,Charlie Taylor,2016,2.85,B-,0,5,No,17,1,1.3,3.4,20,0.05,8,26,37,0
632,Emma Davis,2017,2.41,C-,9,3,No,17,4,3,1,19,0.210526316,75,51.06666667,34,3
633,Jake Johnson,2024,2.44,B,10,2,No,0,1,4.4,3,1,1,94,62.26666667,3,1
634,Isla Lee,2021,2.18,B,9,3,Yes,2,4,2.7,4.6,3,1.333333333,72,47.53333333,23,3
635,Henry Brown,2017,3.04,D,7,5,Yes,3,8,4.8,2.8,6,1.333333333,51,53.26666667,9,0
636,Bob Martinez,2016,3.88,F,9,0,Yes,10,5,3.1,3.2,10,0.5,0,36.2,7,1
637,Bob Johnson,2024,2.05,B,8,4,No,4,7,3.8,3.4,12,0.583333333,85,54.66666667,12,3
638,Alice Smith,2020,3.31,A-,9,2,No,15,10,4.5,3.6,16,0.625,81,64.06666667,39,1
639,Grace Wilson,2023,2.42,C,2,1,No,5,5,4.7,3.2,13,0.384615385,58,51.13333333,3,2
640,Grace Davis,2021,2.27,B+,10,5,Yes,9,6,1.6,4.4,17,0.352941176,68,43.13333333,11,0
641,David Brown,2015,2.09,A-,5,3,Yes,2,10,3.9,4.6,16,0.625,93,57.93333333,5,0
642,Emma Wilson,2020,2.46,C-,7,1,No,17,8,3.6,2.1,9,0.888888889,55,46.73333333,17,3
643,Charlie Lee,2022,3.14,A-,7,4,Yes,9,9,3.7,2.1,9,1,98,65.93333333,36,3
644,Emma Moore,2024,2.18,B+,8,4,Yes,7,1,3.2,5,17,0.058823529,43,39.53333333,10,3
645,Emma Johnson,2017,3.65,C+,7,0,No,12,1,2,1.2,11,0.090909091,16,36.33333333,47,2
646,David Lee,2019,3.55,B,7,2,Yes,12,6,1.5,1.9,10,0.6,56,47.33333333,7,2
647,Henry Davis,2024,2.08,C-,2,3,No,7,2,4.8,2.5,13,0.153846154,86,58.53333333,39,2
648,Isla Taylor,2015,3.7,C,0,4,Yes,18,9,4.8,2.1,14,0.642857143,70,64,14,1
649,Frank Lee,2016,2.52,C+,7,2,No,9,5,4.1,3.5,10,0.5,45,45.46666667,18,0
650,Grace Taylor,2016,2.09,D,4,0,Yes,8,9,4.6,3,5,1.8,11,32.93333333,15,2
651,Alice Smith,2021,3.66,B,5,2,Yes,4,0,1.7,3.3,0,,20,36.73333333,48,1
652,Emma Clark,2024,2.8,C+,4,3,No,9,4,3.4,3.3,3,1.333333333,12,34,49,3
653,Jake Brown,2020,3.29,B+,9,0,Yes,14,5,1.8,2.3,16,0.3125,86,56.6,1,3
654,Emma Wilson,2015,3.56,A-,10,3,Yes,0,2,2.5,1.6,10,0.2,22,39.4,49,3
655,Frank Davis,2018,2.79,C-,3,4,No,19,0,1.8,4.7,3,0,85,52.93333333,10,0
656,Charlie Lee,2015,3.72,B-,1,5,No,6,6,1.3,1.3,18,0.333333333,92,59.8,8,2
657,Henry Brown,2024,2.72,A,2,0,Yes,14,7,3.2,4.6,20,0.35,15,33.8,10,1
658,David Clark,2023,2.99,D,8,5,No,9,8,1.8,3.2,15,0.533333333,37,38.26666667,40,2
659,Isla Taylor,2024,3.25,A-,0,0,Yes,12,10,4.6,3.7,9,1.111111111,25,45.33333333,11,1
660,Bob Smith,2024,3.2,B,7,3,No,15,0,3.6,2.3,11,0,52,50.66666667,27,2
661,Isla Johnson,2018,3.33,C+,7,2,Yes,12,6,3.9,4.4,0,,29,44.86666667,45,3
662,Jake Davis,2016,2.4,F,10,4,Yes,18,8,4.2,2.9,20,0.4,58,49.33333333,34,2
663,Henry Wilson,2015,3.13,C,0,5,Yes,5,3,3.4,3.9,5,0.6,5,33.86666667,20,0
664,Emma Davis,2024,3.91,B+,8,0,Yes,20,0,2.5,1.1,15,0,38,47.06666667,38,3
665,Henry Martinez,2023,2.46,D,10,4,No,13,10,1.8,3.4,3,3.333333333,53,40.06666667,7,1
666,Charlie Clark,2018,2.65,A,3,0,No,4,6,2.8,2.3,3,2,51,44,35,0
667,Emma Smith,2017,3.88,D,1,3,No,10,2,4.9,3.6,0,,39,55.2,39,0
668,Alice Taylor,2023,3.58,B-,1,4,No,0,2,3,3.1,14,0.142857143,84,61.86666667,10,2
669,Isla Lee,2022,2.05,D,5,3,Yes,4,8,4,3.7,9,0.888888889,22,34.33333333,31,3
670,Emma Martinez,2019,3.07,B,7,2,Yes,19,9,4,2.6,6,1.5,54,51.8,42,3
671,Henry Taylor,2022,2.82,D,6,4,Yes,18,8,1.2,1.6,13,0.615384615,5,24.46666667,36,0
672,Charlie Brown,2016,3.96,B-,4,3,No,20,10,4.1,3.8,18,0.555555556,25,48.4,41,3
673,Alice Martinez,2022,2.38,B,7,1,Yes,0,6,2.4,4,4,1.5,77,49.53333333,8,3
674,Bob Martinez,2016,2.05,B+,8,4,Yes,2,9,2.5,4.2,19,0.473684211,60,42,36,3
675,Jake Brown,2023,3.16,A-,1,2,Yes,1,6,1.9,1.7,14,0.428571429,47,43.06666667,7,0
676,Grace Brown,2017,2.2,C-,2,4,No,20,3,1.2,2.8,5,0.6,48,34.66666667,8,3
677,Jake Clark,2020,2.88,A,5,1,No,20,6,3.7,2,7,0.857142857,29,41.2,1,1
678,Grace Martinez,2019,3.85,A-,8,5,No,10,6,1.3,2.9,15,0.4,7,32.33333333,44,3
679,Bob Brown,2024,2.81,F,10,4,Yes,7,2,2.4,4.3,19,0.105263158,53,44.4,19,3
680,David Brown,2023,2.27,F,6,2,No,5,6,1.5,5,13,0.461538462,94,51.46666667,1,2
681,Henry Moore,2018,2.93,B-,3,2,No,4,2,3.4,2.4,6,0.333333333,48,46.86666667,26,3
682,Charlie Martinez,2019,3.43,F,9,2,Yes,7,9,1.1,2.1,13,0.692307692,50,43.2,35,3
683,Bob Wilson,2019,3.87,A-,6,4,No,20,10,4.1,3.4,9,1.111111111,71,63.13333333,20,3
684,Bob Moore,2024,2.87,B-,1,3,No,4,2,2.5,2.2,10,0.2,11,31.13333333,25,2
685,David Johnson,2024,3.38,A,9,4,Yes,13,4,2.1,4.9,3,1.333333333,78,55.53333333,43,1
686,Frank Lee,2021,2.91,C,6,1,Yes,8,1,3.7,3.6,15,0.066666667,25,40.06666667,17,1
687,Alice Clark,2024,2.95,C-,7,0,Yes,14,6,3.9,3.6,2,3,75,57.66666667,43,2
688,Frank Lee,2022,3.01,A,10,1,Yes,17,0,1.3,2.6,5,0,49,40.73333333,9,0
689,David Davis,2019,3.94,B-,3,3,Yes,0,10,1.6,3.7,18,0.555555556,44,46.26666667,42,3
690,David Taylor,2018,3.69,B-,8,2,Yes,14,2,4.3,3.7,14,0.142857143,7,41.26666667,46,0
691,Alice Davis,2023,2.08,C+,8,1,Yes,11,5,4.5,3.3,2,2.5,87,57.86666667,47,0
692,Alice Taylor,2022,3.52,F,10,1,Yes,12,1,4,2.4,19,0.052631579,42,50.8,45,2
693,Frank Johnson,2020,3.07,C,1,3,Yes,7,8,1.3,4.6,14,0.571428571,68,47.46666667,33,3
694,Grace Taylor,2023,3.42,D,4,4,Yes,7,9,1.1,4.5,3,3,40,39.8,46,2
695,Emma Taylor,2023,3.04,C,0,5,No,7,3,4.7,1.5,10,0.3,92,66.6,32,0
696,Charlie Johnson,2018,2.68,C,6,2,Yes,11,9,3.9,2.9,18,0.5,70,54.2,17,2
697,Isla Moore,2019,3.54,C-,3,5,Yes,20,3,1.2,3.2,19,0.157894737,39,40.6,3,0
698,Bob Smith,2024,3.13,A,8,3,Yes,13,8,1.1,1.5,8,1,11,28.2,1,3
699,Jake Clark,2022,2.87,C,1,1,Yes,4,7,2.5,1.9,4,1.75,26,36.13333333,27,1
700,Isla Moore,2019,2.44,A-,7,1,No,15,10,2.2,2.8,12,0.833333333,69,46.6,8,0
701,Jake Clark,2022,3.86,C,6,2,No,0,3,4.4,1.9,18,0.166666667,86,69.06666667,46,2
702,Alice Wilson,2020,3.37,B,0,1,No,17,9,1.7,2.2,10,0.9,39,41.13333333,24,0
703,Bob Wilson,2021,2.01,B-,9,4,Yes,16,8,2.8,4.1,18,0.444444444,46,38.06666667,45,0
704,Jake Smith,2022,2.67,C,4,2,No,11,3,3,2.3,3,1,50,44.46666667,38,2
705,Henry Brown,2019,3.15,C-,0,0,No,16,2,2.8,3.7,20,0.1,41,44,26,3
706,Henry Clark,2022,3.5,B-,10,0,No,8,9,4.4,4.8,3,3,4,39.33333333,21,3
707,Alice Lee,2022,3.08,B-,10,5,No,5,4,1.7,2.2,4,1,8,28.86666667,50,2
708,Bob Wilson,2024,2.11,A-,1,3,No,20,7,4.6,1.1,3,2.333333333,80,56.06666667,16,3
709,Charlie Moore,2022,3.11,B,6,2,Yes,16,8,2,3.9,18,0.444444444,82,54.73333333,3,1
710,David Taylor,2023,2.86,A-,9,2,No,1,1,3.5,3.5,17,0.058823529,4,32.06666667,14,0
711,Jake Moore,2022,3.25,C+,10,3,Yes,2,1,4.2,1.5,12,0.083333333,99,68.66666667,19,1
712,Alice Brown,2019,3.12,B+,3,0,No,8,10,1.3,4.7,3,3.333333333,39,38.13333333,11,2
713,Jake Martinez,2016,2.33,B-,0,5,Yes,5,8,2.5,3.9,14,0.571428571,14,28.53333333,5,0
714,Jake Brown,2024,3.95,B,2,4,No,11,4,4.7,2.1,18,0.222222222,94,73.33333333,48,2
715,Charlie Clark,2016,2.03,C-,7,2,No,9,1,4.1,3,17,0.058823529,82,54.53333333,47,2
716,Jake Taylor,2019,2.63,A-,4,1,No,14,6,3.5,1.5,20,0.3,11,32.86666667,6,0
717,Henry Moore,2019,2.58,B,6,2,No,16,9,4.1,1.5,12,0.75,89,60.53333333,0,1
718,Alice Johnson,2021,2.02,C,6,1,Yes,12,2,2.3,5,8,0.25,46,36.46666667,22,1
719,Bob Clark,2022,2.27,A,5,1,Yes,6,6,1.6,2,0,,39,33.46666667,15,1
720,Jake Taylor,2018,2.46,A,4,4,No,1,6,4.8,2.9,9,0.666666667,60,52.4,11,2
721,Frank Brown,2021,2.25,B+,2,3,No,14,7,5,2.7,5,1.4,35,43.33333333,36,1
722,Bob Brown,2018,2.08,C-,1,4,No,4,0,3.5,4.9,9,0,75,50.53333333,25,0
723,Emma Smith,2019,2.42,A-,4,3,Yes,15,3,2,3.8,12,0.25,18,28.8,0,3
724,Bob Taylor,2020,3.94,C+,8,1,Yes,18,3,2.9,3.6,20,0.15,0,35.93333333,0,2
725,Bob Martinez,2016,3.94,F,1,0,No,18,8,3.2,1,5,1.6,53,54.6,46,3
726,Frank Brown,2024,2.24,A-,10,2,Yes,12,4,3,4.1,20,0.2,22,32.26666667,12,3
727,Jake Johnson,2023,3.31,C-,5,0,Yes,12,0,3.5,3,16,0,58,53.06666667,0,2
728,Charlie Johnson,2021,3.77,A,1,2,No,15,3,4.6,4.2,0,,69,63.46666667,1,0
729,Alice Lee,2024,3.25,C+,2,1,Yes,4,9,2.1,2.9,19,0.473684211,8,31.33333333,11,2
730,David Martinez,2015,3.85,A-,8,4,No,20,9,1.1,4.5,8,1.125,2,30,31,0
731,Isla Taylor,2020,2.82,A,8,2,Yes,0,10,3.5,2.1,11,0.909090909,74,55.13333333,15,0
732,Jake Wilson,2018,2.13,C+,1,4,No,4,6,4.6,2.5,10,0.6,65,51.2,12,2
733,Emma Johnson,2016,2.45,B+,1,3,Yes,4,2,1.1,2.4,19,0.105263158,77,45.66666667,14,1
734,David Lee,2018,2.53,C+,3,5,Yes,15,6,1.3,1.1,9,0.666666667,92,51.86666667,25,3
735,Frank Johnson,2016,3.13,B-,6,5,Yes,12,0,3.7,2.3,18,0,90,63.2,14,2
736,David Smith,2024,2.45,C-,10,3,No,18,8,2.5,1.7,19,0.421052632,50,41.33333333,15,1
737,Alice Smith,2020,3.47,C,8,3,Yes,11,3,1.3,3.4,7,0.428571429,47,43.13333333,8,1
738,Frank Clark,2020,3.87,C+,3,5,Yes,12,7,3,2,15,0.466666667,65,57.46666667,50,0
739,David Taylor,2022,2.91,B+,2,3,Yes,18,4,4.6,2.9,7,0.571428571,18,40.73333333,22,3
740,Henry Wilson,2021,2.87,C-,3,4,No,19,6,2.3,2.9,17,0.352941176,82,54.13333333,10,0
741,Charlie Brown,2017,2.16,B-,7,1,Yes,18,3,1.3,3.4,19,0.157894737,93,49.73333333,39,3
742,Alice Johnson,2023,2.78,B-,4,3,No,17,0,3.1,1.7,17,0,51,45.86666667,41,0
743,Bob Brown,2021,2.94,C+,3,3,Yes,13,6,2.4,1.5,13,0.461538462,90,57.6,20,0
744,Alice Clark,2016,3.93,A-,10,5,Yes,7,1,2.4,2.7,8,0.125,59,53.86666667,41,2
745,Isla Wilson,2016,3.19,B-,8,5,No,0,10,2.1,3.8,11,0.909090909,92,58.93333333,20,3
746,Grace Brown,2020,3.29,B-,0,1,No,13,2,3.8,4.2,5,0.4,3,35.6,13,3
747,David Wilson,2017,3.62,C,9,4,No,1,3,4.8,1,11,0.272727273,48,56.13333333,38,2
748,Alice Lee,2022,2.22,D,10,4,Yes,3,4,2.1,2,17,0.235294118,60,41.8,26,0
749,Emma Johnson,2023,3.22,F,10,3,Yes,13,9,2.1,3.9,9,1,51,45.46666667,21,0
750,Charlie Brown,2023,2.12,B-,9,5,Yes,5,7,3.2,2.9,16,0.4375,45,39.8,49,1
751,Alice Clark,2022,2.82,C+,0,4,Yes,11,1,2.9,1.5,0,,100,61.8,41,3
752,Charlie Wilson,2017,2.05,C-,1,1,No,9,6,4.6,4.9,8,0.75,14,33.66666667,43,0
753,Alice Davis,2021,2.89,B-,4,1,Yes,19,2,2.3,2.5,2,1,38,39.6,25,2
754,Isla Smith,2017,2.89,D,6,2,No,19,8,2.9,3,3,2.666666667,42,42.93333333,36,1
755,Isla Brown,2021,2.72,A-,2,0,Yes,12,10,1.2,2.4,19,0.526315789,36,34.13333333,29,2
756,Henry Taylor,2019,2.97,D,4,0,Yes,6,9,3.5,2,20,0.45,9,34.46666667,36,2
757,Jake Smith,2022,2.66,B+,7,4,No,17,1,2.7,3.1,20,0.05,54,44.73333333,9,2
758,Alice Moore,2021,3.95,C+,1,4,No,7,10,4.9,2.9,18,0.555555556,5,44.33333333,19,2
759,Jake Smith,2024,2.44,A-,9,5,No,8,5,1.5,1.7,8,0.625,8,23.93333333,27,0
760,Emma Clark,2019,3.32,B,1,3,No,7,6,4.1,4.7,15,0.4,32,46.46666667,13,2
761,Emma Smith,2021,2.4,B,8,1,Yes,2,3,4.4,1.1,8,0.375,98,63.33333333,9,3
762,David Clark,2022,2.11,D,1,5,No,4,3,2.2,3.1,15,0.2,57,40.4,10,1
763,Frank Taylor,2015,2.53,A-,7,2,Yes,4,5,3.7,1.9,8,0.625,61,49.53333333,19,1
764,Frank Clark,2024,3.25,A-,2,2,Yes,3,3,2.9,3.4,8,0.375,24,39.33333333,10,0
765,Emma Lee,2021,3.17,C,6,4,No,20,6,2.7,1.3,11,0.545454545,14,34.8,36,3
766,Bob Martinez,2024,2.96,B,3,5,No,20,4,2.8,3,15,0.266666667,68,51.73333333,48,2
767,Henry Wilson,2020,2.45,A,8,4,No,14,2,4.6,3.3,3,0.666666667,43,46,31,2
768,Bob Johnson,2024,3.46,A,7,1,No,5,8,3.7,3.8,12,0.666666667,79,61.73333333,11,3
769,Jake Smith,2019,2.36,C+,7,1,No,8,8,2.4,2.2,3,2.666666667,57,42.73333333,43,0
770,Alice Wilson,2018,2.36,B,5,5,No,0,7,3.2,5,2,3.5,83,54.06666667,45,2
771,Henry Taylor,2017,2.98,A,10,2,Yes,20,6,3,4.9,6,1,8,32.53333333,7,2
772,Charlie Smith,2015,2.05,B+,2,5,Yes,20,1,1.1,2.1,6,0.166666667,21,24.33333333,32,1
773,David Moore,2023,4,F,2,2,Yes,10,10,4.5,2.7,3,3.333333333,25,50,6,3
774,Charlie Johnson,2022,2.19,B+,3,4,No,5,2,4.4,1.1,1,2,12,33.26666667,26,1
775,Isla Taylor,2018,2.28,C+,4,0,No,6,8,2.3,2.2,12,0.666666667,5,24.53333333,29,3
776,Emma Taylor,2019,2.48,C,7,4,No,6,4,1.3,2.7,1,4,53,38.53333333,47,0
777,David Clark,2017,3.59,F,10,1,No,15,1,3.7,2,4,0.25,76,61.6,36,1
778,Jake Wilson,2022,3.7,B-,10,2,Yes,3,3,1.2,4.1,0,,99,61.66666667,22,3
779,Frank Clark,2017,2.01,B-,1,3,Yes,0,8,3.6,2.2,6,1.333333333,14,30.06666667,41,3
780,Grace Martinez,2017,2.34,B+,1,3,Yes,9,4,4.5,3.2,4,1,51,47.6,14,0
781,David Martinez,2020,3.07,F,6,5,No,5,5,1.5,1.8,17,0.294117647,5,27.13333333,45,0
782,Emma Wilson,2022,3.94,A-,2,1,No,19,9,3.9,3.8,15,0.6,50,55.93333333,8,3
783,Alice Martinez,2020,2.76,C-,4,0,Yes,9,8,1.1,1.7,7,1.142857143,81,49.06666667,34,2
784,Alice Taylor,2017,2.36,A-,6,2,No,20,6,4.8,4.9,18,0.333333333,94,63.06666667,31,2
785,Jake Davis,2020,2.16,A-,3,2,Yes,7,7,4.6,1.3,0,,93,60.73333333,1,0
786,Isla Lee,2019,3.04,B-,7,4,Yes,18,6,4.4,3.3,6,1,21,41.93333333,43,2
787,Charlie Brown,2018,3.27,C-,7,4,Yes,7,1,1.6,2.8,19,0.052631579,56,45.8,36,0
788,Alice Lee,2021,3.64,B-,2,2,No,16,2,1.5,4,5,0.4,99,62.26666667,27,2
789,Alice Brown,2021,3.45,C-,4,5,No,19,9,4.8,2.1,16,0.5625,80,65.66666667,30,2
790,David Taylor,2016,3.61,B+,2,1,Yes,2,5,3.5,2.9,19,0.263157895,94,67.06666667,26,0
791,Isla Lee,2024,3.94,B,5,0,Yes,9,10,4.3,4.3,5,2,16,45.93333333,33,1
792,Jake Wilson,2023,3.33,F,6,0,No,19,4,4.7,1.9,20,0.2,30,47.86666667,15,1
793,David Brown,2022,2.6,A-,5,1,No,8,1,4.4,4.4,5,0.2,64,53.33333333,40,0
794,Grace Clark,2024,2.01,C,10,1,Yes,3,9,3.1,1.4,18,0.5,21,30.73333333,1,2
795,Henry Martinez,2018,3.97,A-,1,1,No,6,8,4.5,2.7,15,0.533333333,52,58.8,0,0
796,David Clark,2024,3.49,A-,6,3,No,18,9,4.7,1.3,3,3,41,52.6,13,3
797,Bob Johnson,2022,3.23,B,6,2,Yes,13,0,4.3,4.6,1,0,92,66.53333333,38,1
798,Grace Martinez,2020,3.24,B,0,1,No,18,1,2.5,2.8,15,0.066666667,6,31.93333333,29,3
799,Jake Wilson,2017,3.21,B-,7,5,No,9,6,2.8,2.9,15,0.4,42,44.73333333,45,2
800,Grace Martinez,2021,2.37,A-,2,4,No,6,9,2.4,3.7,18,0.5,60,43.8,6,3
801,Grace Moore,2015,3.03,B,0,0,Yes,5,10,3.9,4.8,3,3.333333333,12,37.2,31,1
802,Henry Clark,2020,2.65,A-,1,2,No,20,2,4.1,4,10,0.2,3,32.33333333,27,0
803,Grace Lee,2022,3.53,C,1,0,Yes,18,7,5,1.3,6,1.166666667,72,64.2,16,1
804,Isla Davis,2023,3.29,B,2,5,Yes,19,10,3.1,3.6,15,0.666666667,91,62.6,14,1
805,Charlie Smith,2018,2.22,A-,6,5,Yes,8,5,2.1,4.5,1,5,96,53.8,9,3
806,Emma Wilson,2019,3.83,F,6,2,Yes,16,6,1.7,3.1,3,2,12,35.2,21,1
807,Alice Davis,2015,3.29,B+,2,3,Yes,12,6,4,4.3,9,0.666666667,70,58.6,12,0
808,Frank Martinez,2021,2.67,B,7,3,Yes,18,4,1.9,1.6,20,0.2,15,29.13333333,39,1
809,Grace Lee,2024,3.92,A,0,0,No,9,3,4.1,2.7,8,0.375,43,54.13333333,23,3
810,David Martinez,2022,3.09,B+,8,0,No,20,6,4,4.8,17,0.352941176,19,40.26666667,33,0
811,Bob Smith,2018,3.36,B-,8,4,Yes,11,3,1.1,4.5,2,1.5,85,54.4,32,1
812,Henry Moore,2015,3.33,B+,5,0,Yes,0,5,2.4,4.8,18,0.277777778,64,51.53333333,25,2
813,David Moore,2019,2.58,A-,4,2,No,20,1,1.5,2.9,19,0.052631579,77,47.86666667,17,1
814,Emma Davis,2023,2.36,C-,4,5,No,20,4,3.4,1.8,11,0.363636364,86,55.73333333,32,2
815,Charlie Taylor,2020,2.37,B-,3,0,Yes,15,6,3.3,4.4,13,0.461538462,22,34.13333333,41,0
816,Alice Smith,2024,3.84,A-,5,2,No,10,8,1.1,1.5,6,1.333333333,47,44.93333333,44,2
817,Emma Wilson,2016,2.96,C+,2,1,Yes,7,7,4.3,1.1,18,0.388888889,92,64.73333333,30,1
818,Frank Lee,2017,2.68,C-,7,0,No,6,8,4.2,1.5,3,2.666666667,43,46.2,16,0
819,Jake Clark,2016,3.77,A,8,3,Yes,1,9,2.1,2.5,17,0.529411765,80,58.8,22,3
820,Isla Johnson,2018,3.84,F,9,0,No,8,0,2,2.5,10,0,50,48.93333333,48,2
821,Alice Johnson,2020,3.68,B+,0,0,No,15,8,1.4,1.7,19,0.421052632,100,62.53333333,29,1
822,Henry Taylor,2022,3.49,A,7,4,No,10,2,1.3,4.8,18,0.111111111,18,33.6,6,3
823,Grace Martinez,2015,2.03,C-,5,4,No,7,8,4.7,3.1,13,0.615384615,94,60.53333333,13,0
824,Grace Lee,2016,2.2,A,3,3,No,19,8,1.7,3.7,14,0.571428571,28,29.66666667,10,2
825,Henry Johnson,2019,3.11,B+,5,3,Yes,0,10,4.4,3.6,2,5,83,63.06666667,45,1
826,Grace Martinez,2017,3.81,F,10,2,No,12,6,1.2,3.5,13,0.461538462,6,31.4,41,3
827,Henry Brown,2021,2.04,C-,6,4,Yes,3,9,3.1,2.2,5,1.8,92,54.6,30,1
828,David Smith,2015,2.71,A-,7,3,No,5,9,1.7,3.3,4,2.25,58,43.06666667,15,3
829,David Clark,2024,3.99,A,8,2,No,8,3,1.3,1.8,2,1.5,57,49.93333333,28,1
830,David Smith,2024,2.16,F,9,3,Yes,0,6,1,3.4,16,0.375,43,32.06666667,2,3
831,Frank Taylor,2017,3.94,A-,7,3,No,7,1,4.8,4.9,12,0.083333333,73,66.6,1,1
832,Alice Johnson,2021,3.12,C+,7,3,Yes,13,8,2.5,3,12,0.666666667,83,56.8,31,1
833,Grace Martinez,2015,2.45,A-,5,3,Yes,12,4,1.3,1.5,20,0.2,92,51.33333333,15,2
834,Grace Brown,2022,3.85,B+,4,3,Yes,1,10,2.7,4.7,12,0.833333333,31,45,28,3
835,Isla Brown,2019,3.84,D,9,5,Yes,19,2,4.4,4.9,2,1,63,61.26666667,12,1
836,Alice Johnson,2021,3.3,A,5,3,Yes,19,0,3.1,3.3,15,0,51,49.33333333,6,2
837,Jake Lee,2017,3.26,B,2,3,Yes,15,7,3.8,3.9,10,0.7,76,59.73333333,11,0
838,Emma Brown,2023,3.44,D,2,5,No,7,5,1.3,3.5,2,2.5,37,39.6,41,0
839,Alice Smith,2020,3.74,C+,10,2,No,10,1,1.2,1,4,0.25,5,30.6,43,2
840,Bob Martinez,2022,3.72,B-,6,5,Yes,18,0,4.6,4.5,9,0,43,54.46666667,11,0
841,Frank Davis,2016,3.49,F,9,4,Yes,19,4,4.8,4,16,0.25,47,54.93333333,1,2
842,Alice Brown,2018,2.64,F,7,0,No,19,5,1.3,3,16,0.3125,52,39.26666667,28,2
843,Frank Martinez,2018,2.55,C+,3,4,No,20,0,4.1,2.9,17,0,37,43,9,0
844,Isla Clark,2022,2.61,B,3,3,Yes,16,5,4,3.6,2,2.5,52,48.06666667,41,0
845,David Moore,2024,3.77,A-,4,0,Yes,8,4,5,2.1,1,4,55,60.13333333,20,2
846,Emma Wilson,2020,2.73,D,4,4,No,7,9,4.9,1.6,20,0.45,73,58.86666667,17,3
847,Grace Brown,2017,2.06,B+,6,3,No,18,4,1.5,4.2,16,0.25,96,50.73333333,30,0
848,Grace Davis,2019,2.92,C+,10,1,No,12,3,1.6,4.4,0,,34,36.13333333,16,1
849,Isla Moore,2023,2.14,B-,8,0,Yes,0,8,3,3.4,3,2.666666667,59,43.93333333,3,0
850,Jake Davis,2019,3.29,C-,10,3,No,0,8,3.1,4.9,6,1.333333333,12,36.26666667,19,1
851,Henry Brown,2020,2.75,C+,3,2,Yes,15,5,4.2,2.8,1,5,76,57.66666667,48,2
852,Jake Davis,2024,2.79,A-,0,0,Yes,16,8,3.1,4.2,7,1.142857143,95,60.6,42,2
853,Henry Johnson,2024,3.32,B-,4,1,Yes,14,10,3.3,3.4,16,0.625,65,54.8,44,0
854,Charlie Davis,2022,3.78,A,5,3,No,11,6,4.2,4.8,9,0.666666667,56,57.86666667,31,2
855,Henry Moore,2017,3.69,C+,3,4,Yes,13,3,2.1,4,11,0.272727273,12,35.6,19,3
856,David Brown,2019,3.89,A-,1,1,No,7,6,4.8,3.4,16,0.375,64,63.26666667,47,1
857,Bob Taylor,2023,3.71,F,6,5,Yes,2,5,3,1.8,0,,55,53.06666667,11,0
858,Henry Wilson,2023,2.01,A-,9,4,No,12,9,2.7,1.6,18,0.5,92,53.06666667,34,0
859,Henry Davis,2017,3.33,B-,1,5,Yes,18,6,2.1,1.4,5,1.2,33,40.2,30,0
860,Emma Martinez,2022,2,A,8,3,No,5,10,3.2,2.2,2,5,0,24,23,0
861,Grace Clark,2019,3.06,B+,3,3,No,8,9,3.2,1.9,0,,15,36.06666667,5,1
862,Charlie Clark,2015,3.84,A-,10,0,Yes,18,1,1.4,1.6,1,1,90,60.26666667,0,1
863,Jake Wilson,2021,3.22,C-,6,4,No,9,7,2,3.8,10,0.7,3,29.13333333,41,2
864,Frank Wilson,2017,2.8,C-,8,4,Yes,1,5,3,2.6,5,1,92,59.33333333,2,1
865,Bob Taylor,2019,3.66,B,2,1,No,12,3,4.1,2.4,12,0.25,56,56.73333333,41,0
866,Grace Davis,2015,2.08,D,6,3,Yes,8,2,3.4,2.9,8,0.25,70,48.53333333,8,2
867,Grace Wilson,2019,3.14,C,8,5,No,19,8,4.3,2.1,19,0.421052632,44,49.93333333,30,1
868,Jake Smith,2018,3.25,B,8,0,No,11,10,4.9,2,2,5,4,39.33333333,39,3
869,Isla Lee,2015,2.03,F,4,5,No,13,0,4.5,2.8,11,0,7,30.86666667,14,2
870,Isla Wilson,2024,2.4,A-,2,2,Yes,6,2,1.5,1.9,19,0.105263158,7,23.33333333,16,0
871,Isla Taylor,2022,3.22,D,3,3,No,4,1,3.8,2.9,13,0.076923077,11,37.8,31,3
872,Bob Martinez,2020,3.43,C+,6,0,No,14,4,2.3,4.3,9,0.444444444,80,57.2,42,1
873,Emma Martinez,2020,2.59,C+,7,1,No,17,9,4,4.9,14,0.642857143,19,36.93333333,22,3
874,Alice Brown,2015,2.72,B-,1,2,Yes,15,2,1.3,4.7,16,0.125,9,25.46666667,17,0
875,Grace Lee,2016,3.85,C-,3,2,No,19,2,3.9,4,1,2,95,70.33333333,34,0
876,Isla Moore,2018,2.34,D,9,5,Yes,3,2,4.9,4.6,17,0.117647059,43,46.26666667,1,1
877,Isla Clark,2017,2.46,A,5,5,No,3,5,1.9,2.7,10,0.5,59,42.4,43,3
878,Jake Martinez,2016,2.76,D,2,2,No,20,4,3.7,4,4,1,47,46.4,26,2
879,Charlie Smith,2022,3.2,C+,3,3,Yes,8,6,1,3.1,9,0.666666667,6,26.66666667,32,2
880,Isla Clark,2022,2.79,B+,7,0,Yes,10,7,4.5,3.4,17,0.411764706,100,66.93333333,29,2
881,Isla Martinez,2018,3.49,A,7,1,No,13,5,1.7,1.8,16,0.3125,98,61.6,50,2
882,Henry Smith,2017,2.6,B+,2,0,Yes,2,10,3.5,1.7,9,1.111111111,63,50,48,1
883,Charlie Moore,2016,2.05,A,4,3,Yes,19,4,1.7,4.8,16,0.25,44,34,7,2
884,Jake Martinez,2016,2.19,B,10,3,Yes,6,7,3.3,3.5,7,1,68,48.26666667,43,2
885,Isla Lee,2022,3.58,B,0,3,Yes,20,1,4.3,3.8,1,1,91,68.53333333,14,0
886,Grace Brown,2019,3.45,C,9,4,Yes,4,3,3.4,2.8,15,0.2,17,40,25,0
887,Bob Davis,2022,2.49,B+,4,5,Yes,15,9,2.1,1.9,19,0.473684211,18,29.6,1,2
888,Jake Clark,2022,2.03,D,9,1,Yes,5,1,1.7,1.5,14,0.071428571,68,41.86666667,47,1
889,Emma Johnson,2022,3.76,C,2,1,Yes,0,5,4.8,2,6,0.833333333,54,59.06666667,11,2
890,Henry Lee,2015,2.2,B-,2,4,Yes,7,7,1.3,3.8,6,1.166666667,12,23,32,1
891,Henry Johnson,2023,2.45,C,9,4,Yes,12,2,3.4,4.9,16,0.125,1,28,29,3
892,Henry Martinez,2022,2.44,C+,4,5,Yes,9,8,1.8,2.9,15,0.533333333,62,42.93333333,29,1
893,Emma Smith,2021,3.49,B-,3,4,No,3,9,3.8,3.4,2,4.5,12,39.93333333,49,3
894,Charlie Martinez,2018,3.3,F,10,4,Yes,6,1,4.6,4.4,13,0.076923077,72,61.33333333,45,0
895,Emma Smith,2018,3.08,F,9,0,No,15,10,2.1,4.9,1,10,31,37.86666667,45,3
896,Jake Brown,2023,3.23,A-,6,0,Yes,2,6,3.6,1.4,2,3,83,61.2,7,2
897,Emma Moore,2016,3.73,A-,4,0,Yes,15,3,4.6,2,9,0.333333333,37,52.53333333,21,0
898,Alice Johnson,2024,2.05,D,4,4,Yes,16,4,5,2,20,0.2,92,61,25,0
899,Jake Wilson,2024,3.33,C-,0,1,Yes,0,8,4.6,3.4,13,0.615384615,91,67.86666667,2,0
900,Grace Clark,2016,2.88,C+,3,3,No,1,1,2.2,3.9,6,0.166666667,43,40.86666667,48,3
901,Henry Johnson,2016,3.47,F,10,2,Yes,4,2,2.6,4,18,0.111111111,58,51.13333333,11,3
902,Isla Wilson,2022,2.31,C-,3,5,Yes,8,4,1.5,1.7,19,0.210526316,10,23.73333333,39,3
903,Alice Clark,2018,3.08,A,1,5,Yes,18,4,4.4,3.8,10,0.4,81,62.2,11,2
904,Grace Davis,2023,2.65,B-,7,5,No,20,4,2.9,1.2,9,0.444444444,27,36.33333333,22,3
905,Grace Brown,2018,3.77,A-,4,2,No,2,9,1.5,1.5,18,0.5,97,62.46666667,38,2
906,Charlie Wilson,2015,3.94,A,6,2,Yes,4,7,4.3,2.4,1,7,83,68.26666667,37,0
907,Emma Davis,2015,2.28,A,0,0,No,15,10,1.7,4.2,14,0.714285714,45,35.86666667,8,1
908,Jake Martinez,2020,3.1,C+,5,3,Yes,12,5,1.7,1.8,1,5,37,38.66666667,33,1
909,Isla Moore,2022,2.24,C-,5,4,Yes,8,10,3.1,1.2,10,1,19,31.6,23,2
910,Grace Lee,2024,2.08,B+,5,1,No,10,9,2.4,1.8,14,0.642857143,25,30.2,8,0
911,Henry Brown,2021,3.41,C-,7,4,Yes,7,2,1.3,1.9,19,0.105263158,63,48.06666667,44,0
912,Bob Taylor,2023,3.86,C,6,1,No,16,5,4.1,1.1,1,5,95,71.06666667,43,0
913,Emma Clark,2020,2.84,A,3,2,No,20,10,4.3,2.2,0,,85,61.6,10,3
914,David Lee,2019,3.77,C-,2,4,No,14,8,2.7,3.1,14,0.571428571,45,49.13333333,29,2
915,David Smith,2020,3.06,C-,10,3,Yes,18,5,4,3.6,5,1,40,47.06666667,16,1
916,Grace Davis,2019,3.98,C,10,0,Yes,17,0,2.7,1.5,11,0,54,53.53333333,23,3
917,Alice Martinez,2017,2.23,D,4,0,No,2,8,4.7,3.2,20,0.4,82,57.86666667,34,1
918,Alice Brown,2015,2.3,B-,0,5,No,3,8,1.1,2.9,20,0.4,66,41,43,3
919,Jake Johnson,2022,2.78,C+,1,4,Yes,20,10,4.4,2.1,13,0.769230769,46,48.53333333,1,1
920,Henry Johnson,2019,2.85,A,10,5,Yes,13,9,3.4,3,7,1.285714286,90,60.33333333,40,3
921,Charlie Moore,2022,2.51,D,7,5,Yes,14,3,2.9,1.1,17,0.176470588,95,58.06666667,23,0
922,David Taylor,2022,2.78,B,5,1,Yes,13,9,3.9,2.1,0,,84,59.53333333,3,0
923,Grace Clark,2023,3.75,C-,0,4,No,7,9,4,4.3,19,0.473684211,78,64.33333333,15,3
924,Grace Wilson,2017,2.49,C-,5,2,No,14,9,1.3,4.9,4,2.25,78,46.93333333,34,1
925,Frank Lee,2018,3.94,B+,2,2,No,6,4,2.5,1.4,16,0.25,72,58.6,20,0
926,Henry Brown,2016,3.25,B-,2,1,Yes,9,0,2.3,3,1,0,95,61,1,1
927,Frank Moore,2019,2.96,B-,4,4,No,14,0,2.4,1.3,18,0,68,50.4,13,2
928,Charlie Brown,2016,2.37,A-,0,1,Yes,9,3,3.1,4.6,18,0.166666667,28,35.46666667,30,0
929,Frank Martinez,2020,2.87,C,9,3,Yes,15,5,1.6,2.5,6,0.833333333,76,49.8,6,1
930,Alice Lee,2018,2.91,B,3,5,No,9,6,4.6,3.1,16,0.375,57,53.73333333,46,2
931,Charlie Martinez,2021,3.91,B-,6,5,Yes,1,4,2.1,2.8,11,0.363636364,27,42.06666667,8,0
932,David Wilson,2023,3.14,B+,4,3,Yes,3,1,4.5,2.9,18,0.055555556,33,46.93333333,1,2
933,David Johnson,2015,3.38,B,4,0,No,17,6,1.4,4.3,2,3,14,31.86666667,18,3
934,Grace Johnson,2016,3.15,B+,0,3,No,2,1,1.6,2.1,8,0.125,83,54,13,2
935,Bob Lee,2020,3.55,C-,8,1,Yes,19,4,4.5,3.4,13,0.307692308,95,70.33333333,22,2
936,David Johnson,2020,3.28,A,8,3,No,16,0,2.4,3.6,0,,34,41.2,49,0
937,Henry Davis,2018,3.7,B-,0,3,No,5,2,3.5,1.4,20,0.1,68,59,37,3
938,Bob Wilson,2020,2.19,A,8,1,No,17,5,4.6,3.7,20,0.25,33,40.93333333,36,2
939,Isla Moore,2022,3.28,B,0,0,Yes,17,2,4,3.1,3,0.666666667,41,48.86666667,33,1
940,Henry Brown,2021,3.53,B+,7,1,No,9,1,5,3.8,18,0.055555556,11,43.86666667,45,1
941,Frank Brown,2019,2.08,B-,10,1,No,8,0,4.8,1.7,7,0,5,31.53333333,31,0
942,Isla Brown,2023,2.25,D,6,3,No,3,7,3.9,1.1,18,0.388888889,96,60,33,0
943,Isla Clark,2018,2.28,A-,7,2,Yes,8,6,3.4,4.4,17,0.352941176,23,34.2,39,0
944,Henry Lee,2024,3.78,B,9,3,No,9,10,4.7,2.6,17,0.588235294,60,60.86666667,29,2
945,Jake Taylor,2017,2.15,A-,8,0,No,12,2,3.7,2.1,0,,16,32,29,3
946,Emma Johnson,2016,2.62,B,6,5,No,12,3,3.3,4.8,4,0.75,0,28.46666667,26,2
947,Charlie Smith,2016,3.64,C-,2,5,No,9,8,4.4,1.3,12,0.666666667,8,41.6,28,1
948,David Johnson,2022,2.49,A-,1,3,No,20,2,3.6,1.6,3,0.666666667,52,45.93333333,12,3
949,Charlie Moore,2018,3.54,F,5,4,No,20,0,1.6,2.2,4,0,49,45.26666667,26,3
950,Emma Brown,2018,2.24,C+,6,3,No,5,10,3.6,1.9,19,0.526315789,28,36.26666667,34,3
951,Frank Smith,2018,3.21,B,0,3,No,20,0,4.3,1.5,18,0,54,53.73333333,10,3
952,Jake Moore,2016,3.03,A-,7,2,Yes,18,3,2.6,2.2,5,0.6,25,37.2,25,0
953,Charlie Moore,2023,3.37,B,3,1,Yes,10,2,1.5,1.9,19,0.105263158,67,49.8,14,0
954,Charlie Martinez,2022,2.84,D,9,0,No,3,10,1.7,3.9,11,0.909090909,73,48.93333333,50,2
955,Charlie Brown,2019,2.56,B+,5,2,No,17,0,4.9,2.3,15,0,81,60.4,7,1
956,David Clark,2021,2.8,F,10,0,Yes,16,7,4.8,2.7,12,0.583333333,65,56.33333333,5,3
957,Isla Taylor,2021,2.54,B,10,4,Yes,19,5,3.8,2.4,7,0.714285714,17,35.26666667,16,3
958,Isla Brown,2015,3.87,C,9,4,Yes,7,0,4.2,1.7,3,0,58,59.13333333,22,3
959,Jake Brown,2021,2.98,B-,4,0,No,6,10,1.9,1,4,2.5,14,30.86666667,9,1
960,Isla Brown,2019,3.14,B+,2,2,Yes,4,10,2.9,1.6,13,0.769230769,11,34.26666667,2,1
961,Grace Moore,2024,3.2,B,5,3,Yes,16,5,2.6,3.8,1,5,73,54.33333333,46,3
962,Isla Brown,2016,2.64,D,8,4,No,1,3,4.5,4.2,2,1.5,14,37.26666667,33,0
963,Henry Davis,2024,3.87,C-,10,1,No,9,6,2.7,2.8,20,0.3,11,38.46666667,15,2
964,Charlie Clark,2016,3.58,F,2,0,Yes,6,10,2.9,2.5,19,0.526315789,25,41.86666667,37,3
965,Grace Wilson,2019,2.55,C+,10,5,No,0,9,2.6,3.3,12,0.75,84,53.66666667,24,1
966,Charlie Clark,2021,2.98,D,9,3,Yes,8,2,3.6,3.8,11,0.181818182,77,57.53333333,22,1
967,David Moore,2024,2.62,B+,8,4,Yes,18,9,1.3,4.5,18,0.5,81,48.8,35,1
968,Emma Davis,2019,3.1,B,10,4,No,0,2,1,2.4,1,2,91,54.33333333,11,2
969,Charlie Lee,2016,3.28,A-,3,0,No,20,7,3.1,1.2,18,0.388888889,79,58.53333333,3,3
970,David Lee,2019,3.89,A-,9,2,No,18,2,2.8,1.9,17,0.117647059,45,50.26666667,18,2
971,Bob Wilson,2016,3.24,C,8,4,Yes,6,1,3.3,3.8,14,0.071428571,82,59.93333333,32,3
972,Frank Brown,2017,3.6,A,0,3,Yes,6,2,1.9,1.7,3,0.666666667,54,48.33333333,24,0
973,Charlie Wilson,2018,3.34,B-,9,0,No,11,7,3.6,2.7,4,1.75,30,44.26666667,11,3
974,Grace Clark,2022,2.97,B-,7,0,Yes,11,9,1.3,3,2,4.5,0,24.13333333,6,1
975,Frank Brown,2023,2.85,C-,1,3,No,10,4,2.6,1.5,5,0.8,85,56,44,2
976,Jake Lee,2017,2.5,C+,6,4,Yes,14,2,1.4,3.7,18,0.111111111,90,51.33333333,14,1
977,Bob Clark,2020,3.25,C,1,4,No,14,2,3.6,2.3,7,0.285714286,83,61.33333333,9,3
978,Alice Brown,2022,3.63,B,8,0,Yes,6,5,4.1,1.2,17,0.294117647,79,64.2,22,3
979,Bob Clark,2016,3.18,C+,7,5,No,20,2,1.1,2,6,0.333333333,96,56.86666667,10,2
980,Emma Taylor,2021,3.37,C,7,4,Yes,4,7,2,3.8,20,0.35,17,34.8,27,3
981,Alice Johnson,2022,2.92,A-,6,3,Yes,16,4,4,2.1,4,1,49,49.13333333,27,3
982,Emma Moore,2024,2.24,B+,8,3,Yes,20,2,1.2,3,5,0.4,17,24.6,37,2
983,Alice Johnson,2017,2.02,A,5,2,Yes,11,4,3.6,3.7,8,0.5,19,31.8,33,0
984,Jake Clark,2015,3.26,C,1,2,Yes,2,4,2.1,4,18,0.222222222,49,45.06666667,17,3
985,Jake Wilson,2022,2.2,A,5,1,Yes,13,6,1.4,4.4,7,0.857142857,83,47,20,2
986,Bob Brown,2020,3.77,B+,4,2,No,2,2,2.6,5,5,0.4,79,60.13333333,15,0
987,Grace Johnson,2024,2.5,B+,7,0,No,20,1,2.3,1.6,7,0.142857143,6,26.33333333,5,3
988,David Davis,2019,3.59,C-,8,3,Yes,3,1,2.4,4,2,0.5,88,61.26666667,39,3
989,Charlie Smith,2021,2.35,A,10,1,No,13,3,2.2,4.4,17,0.176470588,47,38.66666667,6,0
990,Bob Moore,2022,2.18,A,9,5,Yes,3,10,4.7,4.4,18,0.555555556,47,45.86666667,47,1
991,Emma Lee,2022,2.31,C-,10,3,Yes,13,7,4.6,3.1,4,1.75,99,63.73333333,43,2
992,Alice Johnson,2022,2.87,F,1,2,Yes,19,6,4.2,2.2,12,0.5,67,55.46666667,27,2
993,Frank Moore,2020,3.86,B,7,4,Yes,9,3,1.4,1,8,0.375,69,53.4,49,2
994,Bob Johnson,2015,3.53,B+,9,2,No,19,5,4.9,1.5,9,0.555555556,15,44.86666667,46,3
995,Frank Brown,2018,3.45,B,4,4,Yes,10,6,2.4,5,10,0.6,12,35,14,0
996,Bob Brown,2018,3.52,D,5,2,No,20,0,4.4,4.8,10,0,33,49.13333333,4,1
997,Grace Smith,2016,2.95,B+,5,2,Yes,20,6,1.7,4.2,2,3,63,46.33333333,3,3
998,Bob Smith,2015,3.71,B+,2,4,Yes,4,7,4.8,3.9,14,0.5,75,65.73333333,27,1
999,Charlie Clark,2024,2.26,B-,7,2,No,6,4,4.7,3.6,5,0.8,52,48.06666667,0,1
1000,Charlie Johnson,2022,2.77,C-,6,0,No,20,8,4.9,1.9,12,0.666666667,29,44.46666667,8,0
